Autor,Autor,Autor,Autor,Autor,Autor,Autor,Autor,Autor,Autor,Autor,Evento,Ano
"ZAGATTO, Vanessa Alves","JORENTE, Maria José Vicentini",,,,,,,,,,"Encontro Internacional de Informação, Conhecimento e Ação",2011
"ZAFALON, Zaira Regina","SANTOS, Plácida Leopoldina Ventura Amorim da Costa",,,,,,,,,,Encontro Nacional de Pesquisa em Ciência da Informação,2012
"ZAFALON, Zaira Regina","SANTOS, Plácida Leopoldina Ventura Amorim da Costa",,,,,,,,,,Encuentro Internacional e Nacional de Catalogadores,2012
"ZAFALON, Zaira Regina","SANTOS, Plácida Leopoldina Ventura Amorim da Costa",,,,,,,,,,Encuentro Internacional e Nacional de Catalogadores,2012
"VITORINI, Érica Fernanda","MOREIRA, Walter",,,,,,,,,,Encontro Nacional de Pesquisa em Ciência da Informação,2013
"VITORIANO, Marcia Cristina de Carvalho Pazin",,,,,,,,,,,Encontro Nacional de Pesquisa em Ciência da Informação,2014
"VITORIANO, Marcia Cristina de Carvalho Pazin",,,,,,,,,,,Seminário Nacional do Centro de Memória,2012
"DAL´EVEDOVE, Paula Regina","MADIO, Telma Campanha de Carvalho",,,,,,,,,,Encontro Nacional de Pesquisa em Ciência da Informação,2014
"VIDOTTI, Silvana Aparecida Borsetti Gregorio","OLIVEIRA, Henry Poncio Cruz de","LIMA, Izabel França de",,,,,,,,,Encontro Nacional de Pesquisa em Ciência da Informação,2013
"VIANA, Gilberto Fladimar Rodrigues","MADIO, Telma Campanha de Carvalho",,,,,,,,,,Encontro Nacional de Pesquisa em Ciência da Informação,2013
"VIANA, Gilberto Fladimar Rodrigues","MADIO, Telma Campanha de Carvalho",,,,,,,,,,Encuentro Ibérico EDICIC,2015
"VECHIATO, Fernando Luiz","VIDOTTI, Silvana Aparecida Borsetti Gregorio",,,,,,,,,,"Congresso Nacional de Bibliotecários, Arquivistas e Documentalistas",2012
"VECHIATO, Fernando Luiz","VIDOTTI, Silvana Aparecida Borsetti Gregorio",,,,,,,,,,Encontro Nacional de Pesquisa em Ciência da Informação,2012
"VECHIATO, Fernando Luiz","VIDOTTI, Silvana Aparecida Borsetti Gregorio",,,,,,,,,,Encontro Nacional de Pesquisa em Ciência da Informação,2014
"VALENTIM, Marta Lígia Pomim",,,,,,,,,,,Encuentro de Directores e Docentes de Escuelas de Bibliotecología y Ciencia de la Información del MERCOSUR,2012
"VALENTIM, Marta Lígia Pomim","GARCIA, Cristiane Luiza Salazar","JORGE, Carlos Francisco Bitencourt","SILVA, Elaine da da",,,,,,,,Encontro Nacional de Pesquisa em Ciência da Informação,2011
"TOGNOLI, Natália Bolfarini  ","GUIMARÃES, José Augusto Chaves","TENNIS, Joseph T.",,,,,,,,,North American Symposium on Knowledge Organization – NASKO,2013
"TERRA, Ana Lúcia Silva  ","FUJITA, Mariângela Spotti Lopes","AGUSTIN LACRUZ, María del Carmen",,,,,,,,,Congreso ISKO España y Portugal,2015
"TEIXEIRA, Thiciane Mary Carvalho","VALENTIM, Marta Lígia Pomim",,,,,,,,,,Encontro Nacional de Pesquisa em Ciência da Informação,2015
"TARTAROTTI, Roberta Cristina Dal'Evedove","FUJITA, Mariângela Spotti Lopes","DAL´EVEDOVE, Paula Regina",,,,,,,,,Encontro Nacional de Pesquisa em Ciência da Informação,2015
"SOUZA, Juliete Susann Ferreira de  ","VALENTIM, Marta Lígia Pomim",,,,,,,,,,Workshop de Pesquisa em Ciência da Informação (WPCI),2013
"SOUZA, Francisco das Chagas de","GUIMARÃES, José Augusto Chaves",,,,,,,,,,Encuentro de Directores e Docentes de Escuelas de Bibliotecología y Ciencia de la Información del MERCOSUR,2012
"SOUSA, Brisa Pozzi de","FUJITA, Mariângela Spotti Lopes",,,,,,,,,,Encontro Nacional de Pesquisa em Ciência da Informação,2013
"SOUSA, Brisa Pozzi de","FUJITA, Mariângela Spotti Lopes",,,,,,,,,,Seminário Científico Arquivologia e Biblioteconomia: acesso à informação,2013
"SIMIONATO, Ana Carolina","SANTOS, Plácida Leopoldina Ventura Amorim da Costa",,,,,,,,,,Encontro Nacional de Pesquisa em Ciência da Informação,2013
"SIMIONATO, Ana Carolina","SANTOS, Plácida Leopoldina Ventura Amorim da Costa",,,,,,,,,,Encontro Nacional de Catalogadores (ENACAT) e  Encontro de Estudos e Pesquisas em Catalogação (EEPC),2012
"SILVA, Talita Cristina da","PULGARIN, Aura Marcela Mesa","SILVA, Mateus Henrique da","JORENTE, Maria José Vicentini",,,,,,,,"Encontro Internacional de Informação, Conhecimento e Ação",2015
"SILVA, Renata Eleuterio da","SANTOS, Plácida Leopoldina Ventura Amorim da Costa",,,,,,,,,,Encontro Nacional de Pesquisa em Ciência da Informação,2012
"SILVA, Rafaela Carolina","CALDAS, Rosângela Formentini",,,,,,,,,,"Seminário Hispânico-Brasileiro de Pesquisa em Informação, Documentação e Sociedade",2015
"SILVA, Rafaela Carolina","CALDAS, Rosângela Formentini",,,,,,,,,,Encontro de Pesquisa em Informação e Mediação,2015
"SILVA, Marli Vitor","CASARIN, Helen de Castro Silva",,,,,,,,,,Encontro Nacional de Pesquisa em Ciência da Informação,2013
"SILVA, Luiz Antônio Santana da","MADIO, Telma Campanha de Carvalho",,,,,,,,,,Seminário Científico Arquivologia e Biblioteconomia: acesso à informação,2013
"SILVA, Elaine da da","VALENTIM, Marta Lígia Pomim",,,,,,,,,,Encontro Nacional de Pesquisa em Ciência da Informação,2013
"SILVA, Elaine da da","VALENTIM, Marta Lígia Pomim",,,,,,,,,,Encontro Nacional de Pesquisa em Ciência da Informação,2014
"SILVA, Elaine da da","VALENTIM, Marta Lígia Pomim",,,,,,,,,,Encuentro Ibérico EDICIC,2013
"SILVA, Elaine da da","VALENTIM, Marta Lígia Pomim","CERETTA SORIA, María Gladys",,,,,,,,,Seminário de Competência em Informação: cenários e tendências,2014
"SILVA, Andrieli Pachu da","REGO, Laura Maria dodo","GUIMARÃES, José Augusto Chaves","TOGNOLLI, Natália Bolfarini",,,,,,,,Encontro Brasileiro de Bibliometria e Cientometria,2014
"SILVA, Anahi Rocha","JORENTE, Maria José Vicentini",,,,,,,,,,"Encontro Internacional de Informação, Conhecimento e Ação",2015
"SEMIDÃO, Rafael Aparecido Moron","VALENTIM, Marta Lígia Pomim",,,,,,,,,,Encuentro Ibérico EDICIC,2011
"SEMIDÃO, Rafael Aparecido Moron","ALMEIDA, Carlos Cândido de",,,,,,,,,,Encontro Nacional de Pesquisa em Ciência da Informação,2013
"SANTOS, Plácida Leopoldina Ventura Amorim da Costa","SIMIONATO, Ana Carolina","RODRIGUES, Fernando de Assis","ALENCAR, Cely Martins Santos de","FERREIRA, Jaider Andrade","SILVA, Renata Eleuterio da","SANT'ANA, Ricardo Cesar Gonçalves","ALVES, Rachel Cristina Vesu","RODAS, Cecílio Merlotti","LOPES, Rita de Cássia Cassiano","POTTKER, Luciana Maria Vieira",Encontro Nacional de Pesquisa em Ciência da Informação,2013
"SANTOS, Plácida Leopoldina Ventura Amorim da Costa","JORENTE, Maria José Vicentini","PRADO, Ricardo Petruzza do",,,,,,,,,IASTED International Conference on Computers and Advanced Technology in Education (CATE),2011
"SANTOS, Miriam dos  ","CALDAS, Rosângela Formentini","REIS, Gislaine Kessia Teixeira",,,,,,,,,Congresso de Extensão Universitária da UNESP,2015
"SANTOS, Luciana Beatriz Piovezan dos","FUJITA, Mariângela Spotti Lopes",,,,,,,,,,Encontro Nacional de Pesquisa em Ciência da Informação,2014
"SANTOS, Luciana Beatriz Piovezan dos","FUJITA, Mariângela Spotti Lopes",,,,,,,,,,Encontro Brasileiro de Bibliometria e Cientometria,2011
"SANTOS, Derlei Alberto dos","MADIO, Telma Campanha de Carvalho",,,,,,,,,,Seminário Científico Arquivologia e Biblioteconomia: acesso à informação,2011
"SANTOS, Cassia Dias","SOUZA, Juliete Susann Ferreira de","COELHO, Tatiane Martins","VALENTIM, Marta Lígia Pomim",,,,,,,,Seminário de Competência em Informação: cenários e tendências,2014
"SANTOS, Camila Araújo dos","CASARIN, Helen de Castro Silva",,,,,,,,,,Seminário Científico Arquivologia e Biblioteconomia: acesso à informação,2013
"SANTOS, Amanda Sertori","CASARIN, Helen de Castro Silva","CONEGLIAN, André Luís Onório",,,,,,,,,Congreso Internacional de Información (IDICT),2012
"SANTOS, Amanda Sertori","BIZELLO, Maria Leandra",,,,,,,,,,Encontro Nacional de Pesquisa em Ciência da Informação,2014
"SANTOS, Amanda Sertori","BIZELLO, Maria Leandra",,,,,,,,,,Seminário Científico Arquivologia e Biblioteconomia: acesso à informação,2015
"SANTOS, Amanda Sertori","BIZELLO, Maria Leandra",,,,,,,,,,Encontro Nacional de Pesquisa em Ciência da Informação,2013
"ROSAS, Fábio Sampaio","GRÁCIO, Maria Cláudia Cabrini",,,,,,,,,,Encontro Nacional de Pesquisa em Ciência da Informação,2014
"RODRIGUEZ, Sonia Maria Troitiño",,,,,,,,,,,Encontro Nacional de Pesquisa em Ciência da Informação,2014
"RODRIGUEZ, Sonia Maria Troitiño","CAVALHEIRO, Marcos Ulisses",,,,,,,,,,Congresso Brasileiro de Arquivologia,2012
"RODRIGUEZ, Sonia Maria Troitiño","BIZELLO, Maria Leandra",,,,,,,,,,Encontro Nacional de Pesquisa em Ciência da Informação,2015
"RODRIGUEZ, Sonia Maria Troitiño","BIZELLO, Maria Leandra","SOUZA, Solange",,,,,,,,,Congresso de Arquivologia do Mercosul,2011
"RODRIGUES, Nandia Leticia Freitas","JORENTE, Maria José Vicentini",,,,,,,,,,"Conferência sobre Tecnologia, Cultura e Memória",2015
"RODRIGUES, Fernando de Assis","AFFONSO, Elaine Parra","VECHIATO, Fernando Luiz","VIDOTTI, Silvana Aparecida Borsetti Gregorio","SANT'ANA, Ricardo César Gonçalves",,,,,,,World Association for Public Opinion Research Annual Conference,2015
"REIS, Daniela Marjorie dos","FUJITA, Mariângela Spotti Lopes",,,,,,,,,,Encontro Nacional de Pesquisa em Ciência da Informação,2014
"REIS, Daniela Marjorie dos","FUJITA, Mariângela Spotti Lopes",,,,,,,,,,Encontro Nacional de Pesquisa em Ciência da Informação,2014
"REDÍGOLO, Franciele Marques","FUJITA, Mariângela Spotti Lopes","NEVES, Dulce Amélia de Brito",,,,,,,,,Encuentro Ibérico EDICIC,2015
"RAVAZI, Francisnaira Cristina","MOREIRA, Walter",,,,,,,,,,Seminário Científico Arquivologia e Biblioteconomia: acesso à informação,2013
"RASTELI, Alessandro","CALDAS, Rosângela Formentini",,,,,,,,,,"Seminário Hispânico-Brasileiro de Pesquisa em Informação, Documentação e Sociedade",2015
"RASTELI, Alessandro","CALDAS, Rosângela Formentini",,,,,,,,,,Encontro Nacional de Pesquisa em Ciência da Informação,2015
"RASTELI, Alessandro","CALDAS, Rosângela Formentini",,,,,,,,,,Encontro de Pesquisa em Informação e Mediação,2015
"PUPIM, Eliana Kátia","MADIO, Telma Campanha de Carvalho",,,,,,,,,,Encontro Nacional de Pesquisa em Ciência da Informação,2013
"PRADO, Marcos Aparecido Rodrigues do","OLIVEIRA, Ely Francina Tannuri de",,,,,,,,,,Encontro Nacional de Pesquisa em Ciência da Informação,2015
"PINTO, Virginia Bentes","VIDOTTI, Silvana Aparecida Borsetti Gregorio","TABOSA, Hamilton Rodrigues",,,,,,,,,Encontro Nacional de Pesquisa em Ciência da Informação,2011
"PAVANELLI, Maria Aparecida","OLIVEIRA, Ely Francina Tannuri de",,,,,,,,,,Encuentro Ibérico EDICIC,2011
"PAVANELLI, Maria Aparecida","OLIVEIRA, Ely Francina Tannuri de",,,,,,,,,,Encuentro Ibérico EDICIC,2013
"PAVANELLI, Maria Aparecida","OLIVEIRA, Ely Francina Tannuri de","BUFREM, Leilah Santiago","PRADO, Marcos Aparecido Rodrigues do","ALVES, Bruno Henrique",,,,,,,Congreso ISKO España y Portugal,2015
"PAULO, Rodrigo Barbosa de","CASARIN, Helen de Castro Silva","REDIGOLO, Franciele Marques",,,,,,,,,Seminário Científico Arquivologia e Biblioteconomia: acesso à informação,2015
"PADUA, Mariana Cantisani","JORENTE, Maria José Vicentini","NAKANO, Natalia",,,,,,,,,"Encontro Internacional de Informação, Conhecimento e Ação",2015
"PADRÓN, Dunia Llanes","FUJITA, Mariângela Spotti Lopes","BASTOS, Flávia Maria",,,,,,,,,Encontro Nacional de Pesquisa em Ciência da Informação,2014
"OLIVEIRA, João Augusto Dias Barreira e","JORENTE, Maria José Vicentini",,,,,,,,,,Encontro Nacional de Pesquisa em Ciência da Informação,2013
"OLIVEIRA, João Augusto Dias Barreira e","JORENTE, Maria José Vicentini",,,,,,,,,,Encontro Nacional de Pesquisa em Ciência da Informação,2015
"OLIVEIRA, João Augusto Dias Barreira e","JORENTE, Maria José Vicentini",,,,,,,,,,Congresso Internacional de Design da Informação (CIDI),2013
"OLIVEIRA, Henry Poncio Cruz de","VIDOTTI, Silvana Aparecida Borsetti Gregorio","PINTO, Virginia Bentes",,,,,,,,,Encontro Nacional de Pesquisa em Ciência da Informação,2014
"OLIVEIRA, Henry Poncio Cruz de","VIDOTTI, Silvana Aparecida Borsetti Gregorio","PINTO, Virginia Bentes",,,,,,,,,Encontro da Associação de Educação e Investigação em Ciência da Informação da IberoAmérica e Caribe (EDICIC),2011
"OLIVEIRA, Henry Poncio Cruz de","LIMA, Izabel França de","VIDOTTI, Silvana Aparecida Borsetti Gregorio",,,,,,,,,Encontro Nacional de Pesquisa em Ciência da Informação,2015
"OLIVEIRA, Ely Francina Tannuri de","GRÁCIO, Maria Cláudia Cabrini",,,,,,,,,,Encontro Brasileiro de Bibliometria e Cientometria,2012
"OLIVEIRA, Ely Francina Tannuri de","BUFREM, Leilah Santiago","ALVES, Bruno Henrique","DIAS, Suzana Maria Alves",,,,,,,,Encuentro Ibérico EDICIC,2013
"OLIVEIRA, Ely Francina Tannuri de","GRÁCIO, Maria Cláudia Cabrini",,,,,,,,,,Encontro Nacional de Pesquisa em Ciência da Informação,2011
"NORTE, Mariângela Braga",,,,,,,,,,,Congresso Internacional TIC e Educação (ticEDUCA),2014
"NORTE, Mariângela Braga",,,,,,,,,,,Conferencia Internacional de Bibliotecología,2014
"NORTE, Mariângela Braga",,,,,,,,,,,Annual Conference on Distance Teaching & Learning,2012
"NORTE, Mariângela Braga",,,,,,,,,,,Seminário do Centro de Estudos Linguísticos e Literários do Paraná,2011
"NORTE, Mariângela Braga",,,,,,,,,,,Congresso Estadual Paulista sobre Formação de Educadores e Congresso Nacional de Formação de Professores,2011
"NORTE, Mariângela Braga",,,,,,,,,,,Congresso Internacional TIC e Educação (ticEDUCA),2012
"NICOLINO, Maria Elisa Valentim Pickler","FERNEDA, Edberto",,,,,,,,,,Encontro Nacional de Pesquisa em Ciência da Informação,2013
"NHACUONGUE, Januário Albino","FERNEDA, Edberto",,,,,,,,,,Encontro da Associação de Educação e Investigação em Ciência da Informação da IberoAmérica e Caribe (EDICIC),2011
"NHACUONGUE, Januário Albino","FERNEDA, Edberto","SANTOS, Plácida Leopoldina Ventura Amorim da Costa",,,,,,,,,Encontro Nacional de Pesquisa em Ciência da Informação,2011
"NEVES, Dulce Amélia de Brito","FUJITA, Mariângela Spotti Lopes",,,,,,,,,,Congreso ISKO España y Portugal,2015
"NASCIMENTO, Natália Marinho do","VALENTIM, Marta Lígia Pomim",,,,,,,,,,Encontro Nacional de Pesquisa em Ciência da Informação,2015
"NASCIMENTO, Natália Marinho do","MORO-CABERO, María Manuela","VALENTIM, Marta Lígia Pomim",,,,,,,,,Encontro de Pesquisa em Informação e Mediação,2015
"NAKANO, Natalia","PADUA, Mariana Cantisani","JORENTE, Maria José Vicentini",,,,,,,,,Congresso Internacional de Design da Informação (CIDI),2015
"NAKANO, Natalia","JORENTE, Maria José Vicentini",,,,,,,,,,Seminário Científico Arquivologia e Biblioteconomia: acesso à informação,2013
"NAKANO, Natalia","JORENTE, Maria José Vicentini",,,,,,,,,,Seminário em Ciência da Informação (SECIN),2013
"NAKANO, Natalia","JORENTE, Maria José Vicentini","CALDAS, Rosângela Formentini",,,,,,,,,Processos de musealização: um Seminário de Investigação Internacional,2015
"MOTTA, Bruna Gisele","BIZELLO, Maria Leandra",,,,,,,,,,Encontro Nacional de Pesquisa em Ciência da Informação,2013
"MOTTA, Bruna Gisele","BIZELLO, Maria Leandra",,,,,,,,,,"Encontro Internacional de Informação, Conhecimento e Ação",2013
"MOREIRA, Walter",,,,,,,,,,,"Congresso Brasileiro de Biblioteconomia, Documentação e Ciência da Informação",2011
"MOREIRA, Walter","LARA, Marilda Lopes Ginez de",,,,,,,,,,Encontro Nacional de Pesquisa em Ciência da Informação,2011
"MOREIRA, Walter","FUJITA, Mariângela Spotti Lopes","DAVANZO, Luciana","SANTOS, Luciana Beatriz Piovezan dos",,,,,,,,Seminário Científico Arquivologia e Biblioteconomia: acesso à informação,2015
"MORAES, João Batista Ernesto de","SABBAG, Deise Maria Antonio",,,,,,,,,,Encontro Nacional de Pesquisa em Ciência da Informação,2012
"MOLINA, Letícia Gorri  ","VALENTIM, Marta Lígia Pomim",,,,,,,,,,Encontro da Associação de Educação e Investigação em Ciência da Informação da IberoAmérica e Caribe (EDICIC),2011
"MOLINA, Letícia Gorri  ","VALENTIM, Marta Lígia Pomim",,,,,,,,,,Encontro Nacional de Pesquisa em Ciência da Informação,2013
"MOLINA, Letícia Gorri  ","VALENTIM, Marta Lígia Pomim",,,,,,,,,,"Conferência sobre Tecnologia, Cultura e Memória (CTCM)",2013
"MODESTO, Lisandro Rogério","FERNEDA, Edberto","SANT'ANA, Ricardo Cesar Gonçalves",,,,,,,,,Encontro Nacional de Pesquisa em Ciência da Informação,2013
"MELO, Janaina França de","JORENTE, Maria José Vicentini",,,,,,,,,,"Encontro Regional de Estudantes de Biblioteconomia, Documentação, Gestão e Ciência da Informação (EREBD SUL SE CO)",2012
"MATA, Marta Leandro da","CASARIN, Helen de Castro Silva",,,,,,,,,,Encontro Nacional de Pesquisa em Ciência da Informação,2012
"MARTINS, Rúbia","MORAES, João Batista Ernesto de",,,,,,,,,,Encontro Nacional de Pesquisa em Ciência da Informação,2011
"MARTINS, Rúbia","MORAES, João Batista Ernesto de",,,,,,,,,,Congresso de Arquivologia do Mercosul,2011
"MARTINS, Rúbia","MORAES, João Batista Ernesto de",,,,,,,,,,Encontro Nacional de Pesquisa em Ciência da Informação,2015
"MARTINS, Rúbia","MORAES, João Batista Ernesto de",,,,,,,,,,Encontro Nacional de Pesquisa em Ciência da Informação,2014
"MARTÍNEZ-ÁVILA, Daniel","SMIRAGLIA, Richard",,,,,,,,,,North American Symposium on Knowledge Organization – NASKO,2013
"MARTINEZ-ÁVILA, Daniel","ALVES, Bruno Henrique","GUIMARÃES, José Augusto Chaves",,,,,,,,,ISKO UK -International Society for Knowledge Organization,2015
"MARSULO, Thabyta Giraldelli  ","VIDOTTI, Silvana Aparecida Borsetti Gregorio",,,,,,,,,,Congresso Brasileiro de Biblioteconomia e Documentação,2013
"MADIO, Telma Campanha de Carvalho",,,,,,,,,,,Encontro Nacional de Estudos da Imagem e Encontro Internacional de Estudos da Imagem,2015
"MADIO, Telma Campanha de Carvalho",,,,,,,,,,,Encontro Nacional de Estudos da Imagem e Encontro Internacional de Estudos da Imagem,2015
"MADIO, Telma Campanha de Carvalho","FARIAS, Aline Ribeiro de",,,,,,,,,,Encontro Nacional de Pesquisa em Ciência da Informação,2014
"MADIO, Telma Campanha de Carvalho","VIANA, Gilberto Fladimar Rodrigues",,,,,,,,,,Seminário Científico Arquivologia e Biblioteconomia: acesso à informação,2013
"MADIO, Telma Campanha de Carvalho","SILVA, Luiz Antônio Santana da",,,,,,,,,,Congresso Nacional de Arquivologia,2012
"MADIO, Telma Campanha de Carvalho","SILVA, Luiz Antônio Santana da",,,,,,,,,,Encontro Nacional de Pesquisa em Ciência da Informação,2012
"MADIO, Telma Campanha de Carvalho","BIZELLO, Maria Leandra","MOREIRA, Walter","ALMEIDA, Carlos Cândido de","VALENTIM, Marta Lígia Pomim","FERNEDA, Edberto","RODRIGUEZ, Sonia Maria Troitiño","CASARIM, Helen de Castro Silva",,,,Encuentro de Directores e Docentes de Escuelas de Bibliotecología y Ciencia de la Información del MERCOSUR,2012
"MADIO, Telma Campanha de Carvalho","MACHADO, Bruno Henrique",,,,,,,,,,Seminário em Ciência da Informação (SECIN),2013
"MADIO, Telma Campanha de Carvalho","MACHADO, Bruno Henrique",,,,,,,,,,Workshop de Pesquisa em Ciência da Informação (WPCI),2013
"MADIO, Telma Campanha de Carvalho","ELLIOTT, Ariluci Goes",,,,,,,,,,Encontro Nacional de Pesquisa em Ciência da Informação,2012
"MADIO, Telma Campanha de Carvalho","ELLIOTT, Ariluci Goes",,,,,,,,,,Congresso Nacional de Arquivologia,2012
"MADIO, Telma Campanha de Carvalho","ELLIOTT, Ariluci Goes",,,,,,,,,,Encontro Nacional de Pesquisa em Ciência da Informação,2013
"MADIO, Telma Campanha de Carvalho","ALBUQUERQUE, Ana Cristina de",,,,,,,,,,Encontro Nacional de Pesquisa em Ciência da Informação,2012
"MADIO, Telma Campanha de Carvalho","ALBUQUERQUE, Ana Cristina de",,,,,,,,,,Encontro Nacional de Estudos da Imagem e Encontro Internacional de Estudos da Imagem,2013
"MACHADO, Bruno Henrique","MADIO, Telma Campanha de Carvalho",,,,,,,,,,Seminário Científico Arquivologia e Biblioteconomia: acesso à informação,2013
"MACHADO, Bruno Henrique","MADIO, Telma Campanha de Carvalho",,,,,,,,,,Encuentro Ibérico EDICIC,2015
"MACHADO, Bruno Henrique","MADIO, Telma Campanha de Carvalho",,,,,,,,,,Encontro Nacional de Estudos da Imagem e Encontro Internacional de Estudos da Imagem,2015
"LOUSADA, Mariana","VALENTIM, Marta Lígia Pomim","ALMEIDA JÚNIOR, Oswaldo Francisco de",,,,,,,,,Encontro da Associação de Educação e Investigação em Ciência da Informação da IberoAmérica e Caribe (EDICIC),2011
"LOPES, Elaine Cristina","VALENTIM, Marta Lígia Pomim",,,,,,,,,,Encontro Nacional de Pesquisa em Ciência da Informação,2011
"LOPES, Elaine Cristina","VALENTIM, Marta Lígia Pomim",,,,,,,,,,Workshop de Pesquisa em Informação e Mediação,2015
"LOPES, Elaine Cristina","VALENTIM, Marta Lígia Pomim",,,,,,,,,,Seminário de Competência em Informação: cenários e tendências,2014
"LEMOS, Joana Gusmão","JORENTE, Maria José Vicentini",,,,,,,,,,Encontro Nacional de Pesquisa em Ciência da Informação,2012
"LEMOS, Joana Gusmão","JORENTE, Maria José Vicentini","FERNEDA, Edberto",,,,,,,,,Seminário em Ciência da Informação (SECIN),2013
"LEMOS, Joana Gusmão","JORENTE, Maria José Vicentini","FERNEDA, Edberto",,,,,,,,,Encontro Nacional de Pesquisa em Ciência da Informação,2012
"LANZI, Lucirene Andréa Catini  ","VIDOTTI, Silvana Aparecida Borsetti Gregorio","SANTAREM SEGUNDO, Jose Eduardo",,,,,,,,,"Encontro Internacional Dados, Tecnologia e Informação",2014
"LANZI, Lucirene Andréa Catini","VIDOTTI, Silvana Aparecida Borsetti Gregorio","FERNEDA, Edberto",,,,,,,,,Encontro Nacional de Pesquisa em Ciência da Informação,2012
"LANZI, Lucirene Andréa Catini  ","VIDOTTI, Silvana Aparecida Borsetti Gregorio","FERNEDA, Edberto",,,,,,,,,Seminário de Extensão Universitária da FFC - Marília,2011
"LANZI, Lucirene Andréa Catini  ","VIDOTTI, Silvana Aparecida Borsetti Gregorio","FERNEDA, Edberto",,,,,,,,,"Encontro Internacional de Informação, Conhecimento e Ação",2011
"LANZI, Lucirene Andréa Catini  ","SANTOS, Camila Araújo dos","VIDOTTI, Silvana Aparecida Borsetti Gregorio",,,,,,,,,Conferência Internacional EUTIC,2014
"LANZI, Lucirene Andréa Catini","FERNEDA, Edberto",,,,,,,,,,Seminário Científico Arquivologia e Biblioteconomia: acesso à informação,2011
"LANZI, Lucirene Andréa Catini  ","VIDOTTI, Silvana Aparecida Borsetti Gregorio","FERNEDA, Edberto",,,,,,,,,Seminário em Ciência da Informação (SECIN),2011
"LANZI, Lucirene Andréa Catini","VIDOTTI, Silvana Aparecida Borsetti Gregorio","FERNEDA, Edberto","BORTOLIN, Sueli",,,,,,,,Seminário em Ciência da Informação (SECIN),2013
"KAJIMOTO, Natacha","VALENTIM, Marta Lígia Pomim",,,,,,,,,,Workshop de Pesquisa em Ciência da Informação (WPCI),2013
"JORGE, Carlos Francisco Bitencourt","VALENTIM, Marta Lígia Pomim",,,,,,,,,,Encontro da Associação de Educação e Investigação em Ciência da Informação da IberoAmérica e Caribe (EDICIC),2011
"JORGE, Carlos Francisco Bitencourt","VALENTIM, Marta Lígia Pomim",,,,,,,,,,Encontro Nacional de Pesquisa em Ciência da Informação,2014
"JORENTE, Maria José Vicentini",,,,,,,,,,,"Encontro Internacional de Informação, Conhecimento e Ação",2011
"JORENTE, Maria José Vicentini",,,,,,,,,,,"Encontro Internacional de Informação, Conhecimento e Ação",2015
"JORENTE, Maria José Vicentini",,,,,,,,,,,Encontro Nacional de Pesquisa em Ciência da Informação,2012
"JORENTE, Maria José Vicentini",,,,,,,,,,,Encontro Nacional de Pesquisa em Ciência da Informação,2011
"JORENTE, Maria José Vicentini",,,,,,,,,,,International Conference on Electronic Publishing,2012
"JORENTE, Maria José Vicentini","SILVA, Anahi Rocha",,,,,,,,,,"Encontro Internacional Dados, Tecnologia e Informação",2013
"JORENTE, Maria José Vicentini","GONCALEZ, Paula Regina Ventura Amorim",,,,,,,,,,"Encontro Internacional Dados, Tecnologia e Informação",2013
"INAFUKO, Laura Akie Saito","FERREIRA, Ana Maria Jensen Ferreira da Costa","VIDOTTI, Silvana Aparecida Borsetti Gregorio","MARSULO, Thabyta Giraldelli","SANTOS, Gabriel Oblasser dos",,,,,,,Seminário em Ciência da Informação (SECIN),2011
"HILÁRIO, Carla Mara","GRÁCIO, Maria Cláudia Cabrini",,,,,,,,,,Encontro Nacional de Pesquisa em Ciência da Informação,2013
"HALICKI, Jaqueline Pereira Carvalho","VIDOTTI, Silvana Aparecida Borsetti Gregorio",,,,,,,,,,Seminário em Ciência da Informação (SECIN),2013
"GUIMARÃES, José Augusto Chaves","SALES, Rodrigo de",,,,,,,,,,North American Symposium on Knowledge Organization – NASKO,2013
"GUIMARÃES, José Augusto Chaves","PINHO, Fabio Assis",,,,,,,,,,Encontro Nacional de Pesquisa em Ciência da Informação,2011
"GUIMARÃES, José Augusto Chaves","PINHO, Fabio Assis","CÂNDIDO, Gilberto Gomes","MOTTA, Bruna Gisele",,,,,,,,IFLA WLIC,2014
"GUIMARÃES, José Augusto Chaves","OCHOLLA, Dennis","OCHOLLA, Lyudmila","OLSON, Hope A.","GLOVER, Jeanette R.",,,,,,,IFLA WLIC,2012
"GUIMARÃES, José Augusto Chaves","MOREIRO GONZALES, José Antonio","ALENCAR, Maíra Fernandes",,,,,,,,,Encontro Nacional de Pesquisa em Ciência da Informação,2012
"GUIMARÃES, José Augusto Chaves","MILANI, Suellen Oliveira",,,,,,,,,,Encontro Nacional de Pesquisa em Ciência da Informação,2011
"GUIMARÃES, José Augusto Chaves","FERNANDEZ-MOLINA, Juan Carlos","BARITÉ, Mário",,,,,,,,,Encontro Nacional de Pesquisa em Ciência da Informação,2011
"GUIMARÃES, José Augusto Chaves","ARBOIT, Aline Elis",,,,,,,,,,Encontro Nacional de Pesquisa em Ciência da Informação,2013
"GUIMARÃES, José Augusto Chaves","OLIVEIRA, Ely Francina Tannuri de","GRÁCIO, Maria Cláudia Cabrini","FERNANDEZ-MOLINA, Juan Carlos",,,,,,,,Congreso ISKO España y Portugal,2011
"GUIMARÃES, José Augusto Chaves","OLIVEIRA, Ely Francina Tannuri de",,,,,,,,,,Encontro Nacional de Pesquisa em Ciência da Informação,2012
"GUIMARÃES, José Augusto Chaves","OLIVEIRA, Ely Francina Tannuri de",,,,,,,,,,Encontro Nacional de Pesquisa em Ciência da Informação,2013
"GUIMARÃES, José Augusto Chaves","OLIVEIRA, Ely Francina Tannuri de",,,,,,,,,,Encuentro Ibérico EDICIC,2011
"GUIMARÃES, José Augusto Chaves","OLIVEIRA, Ely Francina Tannuri de",,,,,,,,,,Encontro Nacional de Pesquisa em Ciência da Informação,2013
"GRÁCIO, José Carlos Abbud","GRÁCIO, Maria Cláudia Cabrini",,,,,,,,,,Encuentro Ibérico EDICIC,2011
"GRACIANO, Maítha Elena Tosta","BIZELLO, Maria Leandra",,,,,,,,,,Encontro Nacional de Pesquisa em Ciência da Informação,2014
"GRACIANO, Maítha Elena Tosta","BIZELLO, Maria Leandra",,,,,,,,,,"Encontro Internacional de Informação, Conhecimento e Ação",2013
"GONCALEZ, Paula Regina Ventura Amorim","JORENTE, Maria José Vicentini",,,,,,,,,,Encontro Nacional de Pesquisa e Tecnologia,2013
"GONCALEZ, Paula Regina Ventura Amorim","JORENTE, Maria José Vicentini",,,,,,,,,,Seminário Científico Arquivologia e Biblioteconomia: acesso à informação,2013
"GONCALEZ, Paula Regina Ventura Amorim","JORENTE, Maria José Vicentini",,,,,,,,,,Seminário em Ciência da Informação (SECIN),2013
"GERÔNIMO, Michele Brasileiro","BIZELLO, Maria Leandra",,,,,,,,,,Encontro Nacional de Pesquisa em Ciência da Informação,2013
"GERÔNIMO, Michele Brasileiro","BIZELLO, Maria Leandra",,,,,,,,,,Encontro Nacional de Pesquisa em Ciência da Informação,2012
"GERÔNIMO, Michele Brasileiro","BIZELLO, Maria Leandra",,,,,,,,,,Seminário em Ciência da Informação (SECIN),2013
"GARCIA, Cristiane Luiza Salazar","VALENTIM, Marta Lígia Pomim",,,,,,,,,,Encontro Nacional de Pesquisa em Ciência da Informação,2013
"GARCIA, Cristiane Luiza Salazar","VALENTIM, Marta Lígia Pomim","ALMEIDA JÚNIOR, Oswaldo Francisco de",,,,,,,,,Encontro da Associação de Educação e Investigação em Ciência da Informação da IberoAmérica e Caribe (EDICIC),2011
"GABRIEL JÚNIOR, Rene Faustino","OLIVEIRA, Ely Francina Tannuri de",,,,,,,,,,Encontro Nacional de Pesquisa em Ciência da Informação,2013
"GABRIEL JÚNIOR, Rene Faustino","ALVES, Bruno Henrique","OLIVEIRA, Ely Francina Tannuri de",,,,,,,,,Encuentro Ibérico EDICIC,2011
"FUSCO, Elvis","SANTOS, Plácida Leopoldina Ventura Amorim da Costa",,,,,,,,,,Encontro Nacional de Pesquisa em Ciência da Informação,2011
"FUSCO, Elvis","SANTOS, Plácida Leopoldina Ventura Amorim da Costa",,,,,,,,,,Congresso Internacional de Gestão da Tecnologia e Sistemas de Informação (CONTECSI),2011
"FUJITA, Mariângela Spotti Lopes",,,,,,,,,,,International Conference on Qualitative and Quantitative Methods in Libraries,2011
"FUJITA, Mariângela Spotti Lopes","RUBI, Milena Polsineli",,,,,,,,,,Congreso ISKO España y Portugal,2015
"FUJITA, Mariângela Spotti Lopes","REDÍGOLO, Franciele Marques","MARTINHO, Noemi Oliveira","DAL´EVEDOVE, Paula Regina",,,,,,,,International Conference on Qualitative and Quantitative Methods in Libraries,2011
"FUJITA, Mariângela Spotti Lopes  ","LEAL, Antonio Cezar","OLIVEIRA, Maria Rita Marques de",,,,,,,,,Congreso Latinoamericano de Extensión Universitária,2015
"FUJITA, Mariângela Spotti Lopes","AGUSTIN LACRUZ, María del Carmen","GÓMEZ DIAZ, Raquel",,,,,,,,,Congreso Capítulo Español de ISKO,2012
"FUJITA, Mariângela Spotti Lopes","AGUSTIN LACRUZ, María del Carmen","GÓMEZ DIAZ, Raquel",,,,,,,,,Congreso Capítulo Español de ISKO,2011
"FREITAS, Juliana Lazzarotto","OLIVEIRA, Ely Francina Tannuri de","BUFREM, Leilah Santiago","GRÁCIO, Maria Cláudia Cabrini",,,,,,,,"Congreso Internacional Unión Latina de la Economía Política de la Información, la Comunicación y la Cultura (ULEPICC)",2015
"FERREIRA, Gustavo Meletti","MARTINS, Rúbia",,,,,,,,,,Encontro Brasileiro de Bibliometria e Cientometria,2012
"FERREIRA, Gustavo Meletti","GUIMARÃES, José Augusto Chaves","GRÁCIO, Maria Cláudia Cabrini",,,,,,,,,Encuentro Ibérico EDICIC,2011
"FERREIRA, Ana Maria Jensen Ferreira da Costa","VIDOTTI, Silvana Aparecida Borsetti Gregorio",,,,,,,,,,"Encontro Internacional Dados, Tecnologia e Informação",2013
"FERREIRA, Ana Maria Jensen Ferreira da Costa","VIDOTTI, Silvana Aparecida Borsetti Gregorio","SANT'ANA, Ricardo Cesar Gonçalves",,,,,,,,,Encontro Nacional de Pesquisa em Ciência da Informação,2012
"FERREIRA, Ana Maria Jensen Ferreira da Costa","POTTKER, Luciana Maria Vieira","VECHIATO, Fernando Luiz","VIDOTTI, Silvana Aparecida Borsetti Gregorio",,,,,,,,Encuentro Ibérico EDICIC,2015
"FERREIRA, Ana Maria Jensen Ferreira da Costa","LANZI, Lucirene Andréa Catini","MARSULO, Thabyta Giraldelli","VIDOTTI, Silvana Aparecida Borsetti Gregorio",,,,,,,,Conferência Internacional EUTIC,2014
"FERREIRA, Ana Maria Jensen Ferreira da Costa  ","CONEGLIAN, André Luís Onório","BRITO, Jean Fernandes","VIDOTTI, Silvana Aparecida Borsetti Gregorio",,,,,,,,Congresso de Extensão Universitária da UNESP,2015
"FERNEDA, Edberto","DIAS, Guilherme Ataíde",,,,,,,,,,Encontro Nacional de Pesquisa em Ciência da Informação,2013
"FARIAS, Mona Cleide Quirino da Silva","ALMEIDA, Carlos Cândido de",,,,,,,,,,Encontro Nacional de Pesquisa em Ciência da Informação,2014
"EVANGELISTA, Isadora Victorino","GUIMARÃES, José Augusto Chaves","ALMEIDA, Carlos Cândido de",,,,,,,,,Encontro Nacional de Pesquisa em Ciência da Informação,2014
"ELLIOTT, Ariluci Goes","MADIO, Telma Campanha de Carvalho",,,,,,,,,,Encontro Nacional de Pesquisa em Ciência da Informação,2015
"DAVANZO, Luciana","MOREIRA, Walter",,,,,,,,,,Encontro Nacional de Pesquisa em Ciência da Informação,2014
"DANUELLO, Jane Coelho  ","OLIVEIRA, Ely Francina Tannuri de",,,,,,,,,,Encontro Nacional de Pesquisa em Ciência da Informação,2014
"DANUELLO, Jane Coelho  ","OLIVEIRA, Ely Francina Tannuri de",,,,,,,,,,Encontro Brasileiro de Bibliometria e Cientometria,2012
"DAL´EVEDOVE, Paula Regina","TARTAROTTI, Roberta Cristina Dal'Evedove","FUJITA, Mariângela Spotti Lopes",,,,,,,,,Encuentro Ibérico EDICIC,2015
"DAL´EVEDOVE, Paula Regina","FUJITA, Mariângela Spotti Lopes",,,,,,,,,,Congreso ISKO España y Portugal,2015
"DAL´EVEDOVE, Paula Regina","FUJITA, Mariângela Spotti Lopes",,,,,,,,,,Encuentro Ibérico EDICIC,2015
"DAL´EVEDOVE, Paula Regina","TARTAROTTI, Roberta Cristina Dal'Evedove","FUJITA, Mariângela Spotti Lopes",,,,,,,,,Encontro Nacional de Pesquisa em Ciência da Informação,2013
"CUSTÓDIO, Pollyana Agata Gomes da Rocha","OLIVEIRA, Ely Francina Tannuri de","GRÁCIO, Maria Cláudia Cabrini",,,,,,,,,Encuentro Ibérico EDICIC,2011
"CUSTÓDIO, Pollyana Ágata Gomes da Rocha","GRÁCIO, Maria Cláudia Cabrini",,,,,,,,,,Jornada Pedagógica Plano Nacional de Educação,2012
"CUSTÓDIO, Pollyana Ágata Gomes da Rocha","GRÁCIO, Maria Cláudia Cabrini",,,,,,,,,,Encontro Nacional de Pesquisa em Ciência da Informação,2014
"CRIVELLI, Renato","BIZELLO, Maria Leandra",,,,,,,,,,Encontro Nacional de Pesquisa em Ciência da Informação,2012
"CRIVELLI, Renato","BIZELLO, Maria Leandra",,,,,,,,,,Encontro Nacional de Pesquisa em Ciência da Informação,2015
"COSTA, Mariana Bueno","CALDAS, Rosângela Formentini",,,,,,,,,,Encontro Nacional de História da Mídia,2015
"COELHO, Tatiane Martins","SANTOS, Camila Araújo dos","VALENTIM, Marta Lígia Pomim",,,,,,,,,Encontro de Pesquisa em Informação e Mediação,2015
"CIOCCA, Isabella Gelás","MADIO, Telma Campanha de Carvalho",,,,,,,,,,Seminário Científico Arquivologia e Biblioteconomia: acesso à informação,2013
"CERIGATTO, Mariana Pícaro","CASARIN, Helen de Castro Silva",,,,,,,,,,Congreso Internacional Multidisciplinario en Alfabetización Informativa,2014
"CERETTA SORIA, María Gladys","MIRANDA, Mirta","MANGIATERRA, Norma","SLEIMEN, Silvia","BARBER, Elsa","BERNAL CASTILLO, Abel Concepción","AYALA, Soledad","VALENTIM, Marta Lígia Pomim",,,,IFLA WLIC,2011
"CAVATTI SOBRINHO, Heliomar","FUJITA, Mariângela Spotti Lopes",,,,,,,,,,Congreso ISKO España y Portugal,2015
"CAVATTI SOBRINHO, Heliomar","FUJITA, Mariângela Spotti Lopes",,,,,,,,,,Encuentro Ibérico EDICIC,2015
"CASTRO, Fabiano Ferreira de","SANTOS, Plácida Leopoldina Ventura Amorim da Costa",,,,,,,,,,Encontro Nacional de Pesquisa em Ciência da Informação,2013
"CASTRO, Fabiano Ferreira de","SANTOS, Plácida Leopoldina Ventura Amorim da Costa",,,,,,,,,,Encuentro Internacional e Nacional de Catalogadores,2013
"CASTRO, Fabiano Ferreira de","SANTOS, Plácida Leopoldina Ventura Amorim da Costa",,,,,,,,,,Encontro Nacional de Catalogadores (ENACAT) e  Encontro de Estudos e Pesquisas em Catalogação (EEPC),2012
"CASTRO, Fabiano Ferreira de","SANTOS, Plácida Leopoldina Ventura Amorim da Costa",,,,,,,,,,Encontro Nacional de Pesquisa em Ciência da Informação,2012
"CASTRO, Fabiano Ferreira de","SANTOS, Plácida Leopoldina Ventura Amorim da Costa",,,,,,,,,,Congresso Brasileiro de Biblioteconomia e Documentação,2011
"CASTANHA, Renata Cristina Gutierres","GRÁCIO, Maria Cláudia Cabrini",,,,,,,,,,Encontro Brasileiro de Bibliometria e Cientometria,2012
"CASARIN, Helen de Castro Silva",,,,,,,,,,,Encontro Nacional de Pesquisa em Ciência da Informação,2014
"CASARIN, Helen de Castro Silva",,,,,,,,,,,Encontro Nacional de Pesquisa em Ciência da Informação,2012
"CASARIN, Helen de Castro Silva","OLIVEIRA, Etiene Siqueira de",,,,,,,,,,Encontro Nacional de Pesquisa em Ciência da Informação,2011
"CARVALHO, Ângela Maria Grossi de","JORENTE, Maria José Vicentini","SILVA, Deise Deolindo","MARSULO, Thabyta Giraldelli",,,,,,,,"Seminário Hispânico-Brasileiro de Pesquisa em Informação, Documentação e Sociedade e Seminário de Competência em Informação",2015
"CALDAS, Rosângela Formentini",,,,,,,,,,,IBIMA Conference,2011
"CALDAS, Rosângela Formentini",,,,,,,,,,,Encuentro Ibérico EDICIC,2013
"CALDAS, Rosângela Formentini",,,,,,,,,,,Congresso Internacional TIC e Educação (ticEDUCA),2012
"CALDAS, Rosângela Formentini",,,,,,,,,,,"Encontro Internacional de Informação, Conhecimento e Ação",2011
"CALDAS, Rosângela Formentini","VIEIRA, Jorge Luiz Livino",,,,,,,,,,Encontro Nacional de Pesquisa em Ciência da Informação,2012
"CALDAS, Rosângela Formentini","SANTOS, Everton Alves dos",,,,,,,,,,Encuentro Ibérico EDICIC,2011
"CALDAS, Rosângela Formentini","RONCATO, Carolina Izidoro",,,,,,,,,,Encontro Nacional de Pesquisa em Ciência da Informação,2011
"CALDAS, Rosângela Formentini","PRADO, Maíra",,,,,,,,,,Encontro Nacional de Pesquisa em Ciência da Informação,2014
"CALDAS, Rosângela Formentini","OLIVEIRA, Taynara Almeida de",,,,,,,,,,Congresso Internacional TIC e Educação (ticEDUCA),2014
"CALDAS, Rosângela Formentini","MACHADO, Larissa de Souza",,,,,,,,,,Encuentro de Directores e Docentes de Escuelas de Bibliotecología y Ciencia de la Información del MERCOSUR,2012
"CALDAS, Rosângela Formentini","FERREIRA, Luan Henrique Giroto",,,,,,,,,,Encontro de Pesquisa em Informação e Mediação,2015
"CALDAS, Rosângela Formentini","FERREIRA, Luan Henrique Giroto"," OLIVEIRA, Taynara Almeida de","NASCIMENTO, Ana Carolina dos Santos",,,,,,,,Conferencia Internacional de Bibliotecología,2014
"CALDAS, Rosângela Formentini","CARLOS, Gisnai da Silva",,,,,,,,,,Encontro da Associação de Educação e Investigação em Ciência da Informação da IberoAmérica e Caribe (EDICIC),2011
"BOCCATO, Vera Regina Casari","FUJITA, Mariângela Spotti Lopes",,,,,,,,,,ISKO UK -International Society for Knowledge Organization,2011
"BOCCATO, Vera Regina Casari","FUJITA, Mariângela Spotti Lopes",,,,,,,,,,Congresso Brasileiro de Biblioteconomia e Documentação,2011
"BIZELLO, Maria Leandra",,,,,,,,,,,Seminário Internacional Cultura Material e Patrimônio de C&T,2014
"BIZELLO, Maria Leandra",,,,,,,,,,,Encontro Nacional de Estudos da Imagem e Encontro Internacional de Estudos da Imagem,2013
"BIZELLO, Maria Leandra",,,,,,,,,,,Encuentro Ibérico EDICIC,2013
"BIZELLO, Maria Leandra",,,,,,,,,,,Encuentro Ibérico EDICIC,2015
"BERRÍO-ZAPATA, Cristian","VIDOTTI, Silvana Aparecida Borsetti Gregorio","SANT'ANA, Ricardo Cesar Gonçalves",,,,,,,,,Congreso WAPOR Latinoamérica - Organización Mundial de la Opinión Pública,2012
"BEAK, Jihee","GLOVER, Jeanette","MARTÍNEZ-ÁVILA, Daniel","MILANI, Suellen Oliveira",,,,,,,, iConference,2013
"BEAK, Jihee","GLOVER, Jeanette","MARTÍNEZ-ÁVILA, Daniel","MILANI, Suellen Oliveira",,,,,,,,North American Symposium on Knowledge Organization – NASKO,2013
"BASTOS, Flávia Maria","VIDOTTI, Silvana Aparecida Borsetti Gregorio",,,,,,,,,,Encontro Nacional de Pesquisa em Ciência da Informação,2011
"BASTOS, Flávia Maria","VIDOTTI, Silvana Aparecida Borsetti Gregorio",,,,,,,,,,Encontro Nacional de Pesquisa em Ciência da Informação,2014
"BARROS, Thiago Henrique Bragato","MORAES, João Batista Ernesto de",,,,,,,,,,North American Symposium on Knowledge Organization – NASKO,2011
"BARROS, Camila Monteiro de","CAFÉ, Lígia Maria Arruda","ALMEIDA, Carlos Cândido de",,,,,,,,,Encontro Nacional de Pesquisa em Ciência da Informação,2013
"ASSUMPCAO, Fabrício Silva","SANTOS, Plácida Leopoldina Ventura Amorim da Costa",,,,,,,,,,Encontro Nacional de Catalogadores (ENACAT) e  Encontro de Estudos e Pesquisas em Catalogação (EEPC),2012
"ASSUMPCAO, Fabrício Silva","JORENTE, Maria José Vicentini","SANTOS, Plácida Leopoldina Ventura Amorim da Costa",,,,,,,,,Congresso Brasileiro de Biblioteconomia e Documentação,2013
"ASSUMPCAO, Fabrício Silva","FERREIRA, Juliano Benedito","GRISOTO, Ana Paula","BASTOS, Flávia Maria","VIDOTTI, Silvana Aparecida Borsetti Gregorio",,,,,,,Congresso Brasileiro de Biblioteconomia e Documentação,2015
"ARROYO, Adolfo Alonso","OLIVEIRA, Ely Francina Tannuri de","GRÁCIO, Maria Cláudia Cabrini",,,,,,,,,Encuentro Ibérico EDICIC,2013
"ARBOIT, Aline Elis","OLIVEIRA, Ely Francina Tannuri de","BUFREM, Leilah Santiago","GABRIEL JÚNIOR, Rene Faustino",,,,,,,,Congreso ISKO España y Portugal,2015
"ARAÚJO, Paula Carina de","FERNEDA, Edberto","GUIMARÃES, José Augusto Chaves",,,,,,,,,"Encontro Internacional de Informação, Conhecimento e Ação",2015
"ARAUJO, Melânie Vargas de","VITORIANO, Marcia Cristina de Carvalho Pazin",,,,,,,,,,Seminário de Pesquisa FESPSP,2015
"ALVES, Roberta Caroline Vesu","MOREIRA, Walter","MORAES, João Batista Ernesto de",,,,,,,,,Encontro Nacional de Pesquisa em Ciência da Informação,2013
"ALVES, Rachel Cristina Vesu","SIMIONATO, Ana Carolina","ARAKAKI, Felipe Augusto","GONÇALEZ, Paula Regina Ventura Amorim","GRISOTO, Ana Paula","SANTOS, Plácida Leopoldina Ventura Amorim da Costa",,,,,,International Conference on Dublin Core and Metadata Applications (DCMI),2015
"ALVES, Rachel Cristina Vesu","SANTOS, Plácida Leopoldina Ventura Amorim da Costa",,,,,,,,,,Encontro Nacional de Pesquisa em Ciência da Informação,2014
"ALVES, Rachel Cristina Vesu","SIMIONATO, Ana Carolina","SANTOS, Plácida Leopoldina Ventura Amorim da Costa",,,,,,,,,Encontro Nacional de Catalogadores (ENACAT) e  Encontro de Estudos e Pesquisas em Catalogação (EEPC),2012
"ALVES, Rachel Cristina Vesu","SANTOS, Plácida Leopoldina Ventura Amorim da Costa",,,,,,,,,,Encontro Nacional de Catalogadores (ENACAT) e  Encontro de Estudos e Pesquisas em Catalogação (EEPC),2013
"ALVES, Bruno Henrique","OLIVEIRA, Ely Francina Tannuri de",,,,,,,,,,Encontro Nacional de Pesquisa em Ciência da Informação,2014
"ALVES, Bruno Henrique","OLIVEIRA, Ely Francina Tannuri de",,,,,,,,,,Encontro Nacional de Pesquisa em Ciência da Informação,2015
"ALMEIDA, Carlos Cândido de",,,,,,,,,,,Encontro Nacional de Pesquisa em Ciência da Informação,2012
"ALENCAR, Maíra Fernandes  ","TOGNOLI, Natália Bolfarini",,,,,,,,,,Encontro Nacional dos Estudantes de Arquivologia,2012
"ALBUQUERQUE, Ana Cristina de","MORAES, João Batista Ernesto de",,,,,,,,,,Encontro Nacional de Estudos da Imagem e Encontro Internacional de Estudos da Imagem,2011
"ALBUQUERQUE, Ana Cristina de","MADIO, Telma Campanha de Carvalho",,,,,,,,,,Congreso ISKO España y Portugal,2013
"ALBUQUERQUE, Ana Cristina de","MADIO, Telma Campanha de Carvalho",,,,,,,,,,Encontro Nacional de Pesquisa em Ciência da Informação,2013
"MATTOS, Nayara Bernardo de ","CASARIN, Helen de Castro Silva","FERREIRA, Thaís Guedes",,,,,,,,,Seminário em Ciência da Informação (SECIN),2016
"SÍGOLO, Brianda de Oliveira Ordonho","CASARIN, Helen de Castro Silva","BOCCATO, Vera Regina Casari",,,,,,,,,Congreso Uruguayo de Bibliotecología e Información/Congreso Regional de Bibliotecología e Información (CUBI-II/CORBI)/ Jornada de Bibliotecas Virtuales en Salud (JBVS-II),2010
"MATTA, Rodrigo Octávio Beton ","CASARIN, Helen de Castro Silva",,,,,,,,,,Encontro Nacional de Pesquisa em Ciência da Informação,2010
"MATA, Marta Leandro da ","CASARIN, Helen de Castro Silva",,,,,,,,,,Encontro Nacional de Pesquisa em Ciência da Informação,2010
"ZAFALON, Zaira Regina ","SANTOS, Plácida Leopoldina Ventura Amorim da Costa",,,,,,,,,,Encuentro de Catalogación y Metadatos,2010
"CASTRO, Fabiano Ferreira de","SANTOS, Plácida Leopoldina Ventura Amorim da Costa",,,,,,,,,,Encuentro de Catalogación y Metadatos,2010
"CASTRO, Fabiano Ferreira de","SANTOS, Plácida Leopoldina Ventura Amorim da Costa",,,,,,,,,,Encuentro de Catalogación y Metadatos,2010
"CASARIN, Helen de Castro Silva","MATTOS, Nayara Bernardo de",,,,,,,,,,ISKO - Information Society for Knowledge Organization,2016
"SANTOS, Camila Araújo dos","CASARIN, Helen de Castro Silva",,,,,,,,,,Encontro Nacional de Pesquisa em Ciência da Informação,2010
"BUDD, John M.","MARTÍNEZ-ÁVILA, Daniel",,,,,,,,,,ISKO - Information Society for Knowledge Organization,2016
"SILVA, Luiz Antonio Santana da","MADIO, Telma Campanha de Carvalho",,,,,,,,,,Encontro Nacional de Pesquisa em Ciência da Informação,2016
"COSTA, Eliandro dos Santos","MADIO, Telma Campanha de Carvalho","PADRON, Dunia Llanes",,,,,,,,,Congresso Nacional de Arquivologia,2016
"COSTA, Eliandro dos Santos","MADIO, Telma Campanha de Carvalho",,,,,,,,,,"Colóquio em Organização, Acesso e Apropriação da Informação e do Conhecimento (COAIC)",2016
"LARA, Lívia Motta de","MADIO, Telma Campanha de Carvalho",,,,,,,,,,Seminário Científico Arquivologia e Biblioteconomia: acesso à informação,2010
"ALVES, Fernanda","MADIO, Telma Campanha de Carvalho",,,,,,,,,,Seminário Científico Arquivologia e Biblioteconomia: acesso à informação,2010
"SILVA, Luiz Antonio Santana da","MADIO, Telma Campanha de Carvalho",,,,,,,,,,Seminário Científico Arquivologia e Biblioteconomia: acesso à informação,2010
"BIAGGI, Camila de ","VALENTIM, Marta Lígia Pomim",,,,,,,,,,Seminário em Ciência da Informação (SECIN),2016
"TENÓRIO, Luana Calcete Vaz","VALENTIM, Marta Lígia Pomim",,,,,,,,,,Seminário em Ciência da Informação (SECIN),2016
"CALADO, Flávia Alves","VALENTIM, Marta Lígia Pomim",,,,,,,,,,Seminário em Ciência da Informação (SECIN),2016
"SANTOS, Juliana Cardoso dos ","VALENTIM, Marta Lígia Pomim","MORO-CABERO, María Manuela",,,,,,,,,Seminário de Pesquisa em Ciências Humanas (SEPECH),2016
"SOUZA, Juliete Susann Ferreira de","OLIVEIRA, Heloá Cristina Camargo de","OTTONICAR, Selma Leticia Capinzaiki","VALENTIM, Marta Lígia Pomim",,,,,,,,Encontro da Associação de Educação e Investigação em Ciência da Informação da IberoAmérica e Caribe (EDICIC),2016
"MORAES, Cassia Regina Bassan de","WOIDA, Luana Maia","VALENTIM, Marta Lígia Pomim","ABREU, Andréia","SILVA, Deise Deolindo da",,,,,,,Encontro da Associação de Educação e Investigação em Ciência da Informação da IberoAmérica e Caribe (EDICIC),2016
"SOUZA, Juliete Susann Ferreira de","VALENTIM, Marta Lígia Pomim",,,,,,,,,,Encontro Nacional de Pesquisa em Ciência da Informação,2016
"TARAPANOFF, Kira","VALENTIM, Marta Lígia Pomim","ÁLVARES, Lillian Maria Araújo de Rezende",,,,,,,,,"Seminario Hispano Brasileño de investigación en Información, Documentación y Sociedad",2016
"VALENTIM, Marta Lígia Pomim",,,,,,,,,,,"Seminario Hispano Brasileño de investigación en Información, Documentación y Sociedad",2016
"SORDI, José Osvaldo de","MEIRELES, Manuel","VALENTIM, Marta Lígia Pomim",,,,,,,,,Encontro da ANPAD,2010
"LOUSADA, Mariana","VALENTIM, Marta Lígia Pomim",,,,,,,,,,Encontro Nacional de Pesquisa em Ciência da Informação,2010
"GARCIA, Cristiane Luiza Salazar","VALENTIM, Marta Lígia Pomim",,,,,,,,,,Encontro Nacional de Pesquisa em Ciência da Informação,2010
"CAVALCANTE, Luciane de Fátima Beckman","VALENTIM, Marta Lígia Pomim",,,,,,,,,,Encontro Nacional de Pesquisa em Ciência da Informação,2010
"MOLINA, Letícia Gorri","VALENTIM, Marta Lígia Pomim",,,,,,,,,,Encontro Nacional de Pesquisa em Ciência da Informação,2010
"GARCIA, Cristiane Luiza Salazar","VALENTIM, Marta Lígia Pomim",,,,,,,,,,International Conference on Concept Mapping,2010
"BASTOS, Flávia Maria","VALENTIM, Marta Lígia Pomim",,,,,,,,,,Seminário Nacional de Bibliotecas Universitárias (SNBU),2010
"FAGUNDES, Silvana Aparecida","VALENTIM, Marta Lígia Pomim",,,,,,,,,,Seminário Nacional de Bibliotecas Universitárias (SNBU),2010
"ALMEIDA, Carlos Cândido",,,,,,,,,,,Encontro Nacional de Pesquisa em Ciência da Informação,2016
"ALMEIDA, Carlos Cândido",,,,,,,,,,,Encontro Nacional de Pesquisa em Ciência da Informação,2016
"ALMEIDA, Carlos Cândido",,,,,,,,,,,Encontro Nacional de Pesquisa em Ciência da Informação,2010
"LEMOS, Joana Gusmão","JORENTE, Maria José Vicentini",,,,,,,,,,Seminário em Ciência da Informação (SECIN),2016
"PADUA, Mariana Cantisani ","LANZI, Lucirene Andrea Catini","NAKANO, Natalia","JORENTE, Maria José Vicentini","CASTRO, Rosane Michelli de",,,,,,,Simpósio internacional de educação a distância,2016
"KAHN, Karen","JORENTE, Maria José Vicentini",,,,,,,,,,"Encontro Internacional Dados, Tecnologia e Informação",2016
"NAKANO, Natalia","JORENTE, Maria José Vicentini","PADUA, Mariana Cantisani","BATISTA, Lucinéia da Silva",,,,,,,,Seminário em Ciência da Informação (SECIN),2016
"NAKANO, Natalia","JORENTE, Maria José Vicentini","PADUA, Mariana Cantisani",,,,,,,,,"Encontro Internacional Dados, Tecnologia e Informação",2016
"LANDIM, Laís Alpi","JORENTE, Maria José Vicentini",,,,,,,,,,"Encontro Internacional Dados, Tecnologia e Informação",2016
"KAHN, Karen","JORENTE, Maria José Vicentini",,,,,,,,,,"Encontro Internacional Dados, Tecnologia e Informação",2016
"OLIVEIRA, João Augusto Dias Barreira ","JORENTE, Maria José Vicentini",,,,,,,,,,"Encontro Internacional Dados, Tecnologia e Informação",2016
"SILVA, Anahi Rocha","JORENTE, Maria José Vicentini",,,,,,,,,,"Encontro Internacional Dados, Tecnologia e Informação",2016
"RODRIGUES, Nandia Leticia Freitas","JORENTE, Maria José Vicentini",,,,,,,,,,"Encontro Internacional Dados, Tecnologia e Informação",2016
"BATISTA, Lucinéia da Silva","SILVA, Talita Cristina da","JORENTE, Maria José Vicentini","SANTAREM SEGUNDO, Jose Eduardo",,,,,,,,"Encontro Internacional Dados, Tecnologia e Informação",2016
"GONÇALEZ, Paula Regina Ventura Amorim","JORENTE, Maria José Vicentini",,,,,,,,,,"Encontro Internacional Dados, Tecnologia e Informação",2016
"SILVA, Anahi Rocha","JORENTE, Maria José Vicentini",,,,,,,,,,"Encontro Internacional Dados, Tecnologia e Informação",2016
"NAKANO, Natalia","JORENTE, Maria José Vicentini","GALINDO, Marcos",,,,,,,,,"Encontro Internacional Dados, Tecnologia e Informação",2016
"PADUA, Mariana Cantisani ","NAKANO, Natalia","JORENTE, Maria José Vicentini",,,,,,,,,"Encontro Internacional Dados, Tecnologia e Informação",2016
"SILVA, Talita Cristina","BATISTA, Lucinéia da Silva","JORENTE, Maria José Vicentini","LANDIM, Laís Alpi",,,,,,,,"Encontro Internacional Dados, Tecnologia e Informação",2016
"PADUA, Mariana Cantisani","JORENTE, Maria José Vicentini",,,,,,,,,,"Encontro Internacional Dados, Tecnologia e Informação",2016
"PADUA, Mariana Cantisani","NAKANO, Natalia","JORENTE, Maria José Vicentini",,,,,,,,,Encontro da Associação de Educação e Investigação em Ciência da Informação da IberoAmérica e Caribe (EDICIC),2016
"LEMOS, Joana Gusmão","JORENTE, Maria José Vicentini",,,,,,,,,,Encontro da Associação de Educação e Investigação em Ciência da Informação da IberoAmérica e Caribe (EDICIC),2016
"SILVA, Anahi Rocha","JORENTE, Maria José Vicentini",,,,,,,,,,Encontro da Associação de Educação e Investigação em Ciência da Informação da IberoAmérica e Caribe (EDICIC),2016
"RODRIGUES, Nandia Leticia Freitas ","JORENTE, Maria José Vicentini",,,,,,,,,,Seminário de Iniciação Científica da UFOP,2010
"ALMEIDA, Maria Fabiana Izidio de ","VITORIANO, Marcia Cristina de Carvalho Pazin",,,,,,,,,,Simpósio de Ciências Aplicadas da FAIP,2016
"FERREIRA, Michele Mascarenhas","VITORIANO, Marcia Cristina de Carvalho Pazin",,,,,,,,,,Encontro Nacional de Estudantes de Arquivologia,2016
"CRIVELLARO, Fernanda Furio","VITORIANO, Marcia Cristina de Carvalho Pazin",,,,,,,,,,Seminário em Ciência da Informação (SECIN),2016
"SANTAREM, Vinícius","VITORIANO, Marcia Cristina de Carvalho Pazin",,,,,,,,,,Seminário em Ciência da Informação (SECIN),2016
"TOGNOLI, Natália Bolfarini","GUIMARÃES, José Augusto Chaves",,,,,,,,,,ISKO - Information Society for Knowledge Organization,2010
"FURTADO, Renata Lira ","VITORIANO, Marcia Cristina de Carvalho Pazin","BELUZZO, Regina Célia Baptista",,,,,,,,,Encontro Nacional de Pesquisa em Ciência da Informação,2016
"GARCIA MARCO, Francisco Javier","MORAES, João Batista Ernesto de","GARCIA MARCO, Luis Fernando","GUIMARÃES, José Augusto Chaves",,,,,,,,ISKO - Information Society for Knowledge Organization,2010
"KAJIMOTO, Natacha","VITORIANO, Marcia Cristina de Carvalho Pazin","CAVALCANTI, Lidia Eugenia",,,,,,,,,Encontro Nacional de Pesquisa em Ciência da Informação,2016
"ARAUJO, Paula Carina de","GUIMARÃES, José Augusto Chaves",,,,,,,,,,ISKO - Information Society for Knowledge Organization,2016
"ARBOIT, Aline Elis","GUIMARÃES, José Augusto Chaves",,,,,,,,,,ISKO - Information Society for Knowledge Organization,2016
"FERREIRA, Luan Henrique Giroto","ALMEIDA, Maria Fabiana Izidio de","VITORIANO, Marcia Cristina de Carvalho Pazin",,,,,,,,,"Encontro Internacional Dados, Tecnologia e Informação",2016
"SUENAGA, Cynthia Maria Kiyonaga","MORAES, João Batista Ernesto de","TOGNOLI, Natália Bolfarini ",,,,,,,,,ISKO - Information Society for Knowledge Organization,2016
"CARRASCO, Laís Barbudo","VIDOTTI, Silvana Aparecida Borsetti Gregorio",,,,,,,,,,ISKO - Information Society for Knowledge Organization,2016
"BARROS, Thiago Henrique Bragato","MORAES, João Batista Ernesto de",,,,,,,,,,ISKO - Information Society for Knowledge Organization,2010
"MILANI, Suellen Oliveira","GUIMARÃES, José Augusto Chaves",,,,,,,,,,ISKO - Information Society for Knowledge Organization,2010
"CRIVELLARO, Fernanda Furio","VITORIANO, Marcia Cristina de Carvalho Pazin",,,,,,,,,,"Encontro Internacional Dados, Tecnologia e Informação",2016
"ALMEIDA, Maria Fabiana Izidio de","PANCIERA, Roberta Pereira","VITORIANO, Marcia Cristina de Carvalho Pazin",,,,,,,,,Seminário em Ciência da Informação (SECIN),2016
"GRÁCIO, Maria Cláudia Cabrini","OLIVEIRA, Ely Francina Tannuri de",,,,,,,,,,International Conference on Science and Technology Indicators (STI),2016
"CASTANHA, Renata Cristina Gutierres","GRÁCIO, Maria Cláudia Cabrini",,,,,,,,,,Encontro Brasileiro de Bibliometria e Cientometria,2016
"SILVA, Deise Deolindo","GRÁCIO, Maria Cláudia Cabrini",,,,,,,,,,Encontro Brasileiro de Bibliometria e Cientometria,2016
"GRÁCIO, Maria Cláudia Cabrini","OLIVEIRA, Ely Francina Tannuri de",,,,,,,,,,Encontro Brasileiro de Bibliometria e Cientometria,2016
"CASTANHA, Renata Cristina Gutierres ","ROSAS, Fabio Sampaio","GRÁCIO, Maria Cláudia Cabrini",,,,,,,,,ISKO - Information Society for Knowledge Organization,2016
"HILÁRIO, Clara Mara","GRÁCIO, Maria Cláudia Cabrini","LIMA, Lidyane Silva",,,,,,,,,Encontro da Associação de Educação e Investigação em Ciência da Informação da IberoAmérica e Caribe (EDICIC),2016
"GRÁCIO, Maria Cláudia Cabrini","PAIVA, Cora Sofia Takaya","SOUZA, Patrícia S. O.",,,,,,,,,International Conference on Teaching Statistics,2010
"CUSTÓDIO, Pollyana Ágata Gomes da Rocha","GRÁCIO, Maria Cláudia Cabrini",,,,,,,,,,Encontro Nacional de Pesquisa em Ciência da Informação,2010
"CUSTÓDIO, Pollyana Ágata Gomes da Rocha ","GRÁCIO, Maria Cláudia Cabrini",,,,,,,,,,Jornada pedagógica UNESP,2010
"SUDSTROM, Admeire da Silva Santos","BIZELLO, Maria Leandra",,,,,,,,,,Encontro Nacional de Pesquisa em Ciência da Informação,2016
"SUDSTROM, Admeire da Silva Santos","BIZELLO, Maria Leandra",,,,,,,,,,Seminário em Ciência da Informação (SECIN),2016
"BIZELLO, Maria Leandra",,,,,,,,,,,Encontro Nacional de Pesquisa em Ciência da Informação,2010
"ALVES, Rachel Cristina Vesu",,,,,,,,,,,Encontro Nacional de Pesquisa em Ciência da Informação,2016
"CONEGLIAN, Caio Saraiva","ALVES, Rachel Cristina Vesu","SANTOS, Plácida Leopoldina Ventura Amorim da Costa","SANTAREM SEGUNDO, Jose Eduardo",,,,,,,,"Encontro Internacional Dados, Tecnologia e Informação",2016
"CUNHA, Bruna Maria Campos da ","ALVES, Rachel Cristina Vesu",,,,,,,,,,"Encontro Internacional Dados, Tecnologia e Informação",2016
"TOGNOLI, Natália Bolfarini","GUIMARÃES, José Augusto Chaves",,,,,,,,,,Encontro Nacional de Pesquisa em Ciência da Informação,2010
"MORAES, João Batista Ernesto de",,,,,,,,,,,Encontro Nacional de Pesquisa em Ciência da Informação,2010
"RODRIGUEZ, Sonia Maria Troitiño",,,,,,,,,,,Encontro Nacional de Pesquisa em Ciência da Informação,2016
"RODRIGUEZ, Sonia Maria Troitiño",,,,,,,,,,,Congresso Nacional de Arquivologia,2010
"FUJITA, Mariângela Spotti Lopes","PINHEIRO, Lena Vania Ribeiro",,,,,,,,,,ISKO - Information Society for Knowledge Organization,2016
"RODRIGUEZ, Sonia Maria Troitiño","FUJITA, Mariângela Spotti Lopes","NEVES, Dulce Amélia de Brito",,,,,,,,,ISKO - Information Society for Knowledge Organization,2016
"GUIMARÃES, José Augusto Chaves","FERNANDEZ-MOLINA, Juan Carlos",,,,,,,,,,IFLA WLIC,2010
"GUIMARÃES, José Augusto Chaves","TOGNOLI, Natália Bolfarini",,,,,,,,,,Encontro Nacional de Pesquisa em Ciência da Informação,2010
"FUJITA, Mariângela Spotti Lopes ","DAL´EVEDOVE, Paula Regina",,,,,,,,,,Seminário do Grupo de Pesquisa MHTX,2016
"FUJITA, Mariângela Spotti Lopes","DAL´EVEDOVE, Paula Regina","REDÍGOLO, Franciele Marques","MARTINHO, Noemi Oliveira",,,,,,,,ISKO - Information Society for Knowledge Organization,2016
"TARTAROTTI, Roberta Cristina Dal'Evedove","FUJITA, Mariângela Spotti Lopes",,,,,,,,,,ISKO - Information Society for Knowledge Organization,2016
"TARTAROTTI, Roberta Cristina Dal'Evedove ","DAL´EVEDOVE, Paula Regina","FUJITA, Mariângela Spotti Lopes",,,,,,,,,Encontro Nacional de Pesquisa em Ciência da Informação,2016
"TARTAROTTI, Roberta Cristina Dal'Evedove","FUJITA, Mariângela Spotti Lopes",,,,,,,,,,Encontro Nacional de Pesquisa em Ciência da Informação,2016
"NARUKAWA, Cristina Miyuki","FUJITA, Mariângela Spotti Lopes",,,,,,,,,,Seminário Nacional de Bibliotecas Universitárias (SNBU),2010
"SILVA, Maria dos Remédios da","FUJITA, Mariângela Spotti Lopes",,,,,,,,,,Seminário Nacional de Bibliotecas Universitárias (SNBU),2010
"INÁCIO, Mariana de Oliveira ","FUJITA, Mariângela Spotti Lopes",,,,,,,,,,Seminário Nacional de Bibliotecas Universitárias (SNBU),2010
"FUJITA, Mariângela Spotti Lopes","GIL LEIVA, Isidoro",,,,,,,,,,Seminário Nacional de Bibliotecas Universitárias (SNBU),2010
"RAMALHO, Rogério Aparecido Sá ","FUJITA, Mariângela Spotti Lopes",,,,,,,,,,Seminário de Pesquisa em Ontologia no Brasil,2010
"INÁCIO, Mariana de Oliveira","FUJITA, Mariângela Spotti Lopes",,,,,,,,,,"Encontro Internacional de Informação, Conhecimento e Ação",2010
"RODAS, Cecílio Merlotti","VIDOTTI, Silvana Aparecida Borsetti Gregorio",,,,,,,,,,Seminário em Ciência da Informação (SECIN),2016
"FERREIRA, Ana Maria Jensen Ferreira da Costa","ROA-MARTINEZ, Sandra Milena","CONEGLIAN, Caio Saraiva","VIDOTTI, Silvana Aparecida Borsetti Gregorio","SANTAREM SEGUNDO, Jose Eduardo",,,,,,,Seminário em Ciência da Informação (SECIN),2016
"ROA-MARTINEZ, Sandra Milena","VIDOTTI, Silvana Aparecida Borsetti Gregorio","GAONA, Maritza Fernanda Mera",,,,,,,,,Simpósio Internacional de Informação para a Saúde (SINFORGEDS),2016
"VIDOTTI, Silvana Aparecida Borsetti Gregorio","BASTOS, Flávia Maria","GRISOTO, Ana Paula","ARAKAKI, Felipe Augusto","FERREIRA, Juliano Benedito",,,,,,,Encontro Nacional de Pesquisa em Ciência da Informação,2016
"VIDOTTI, Silvana Aparecida Borsetti Gregorio ","BASTOS, Flávia Maria","GRISOTO, Ana Paula","ARAKAKI, Felipe Augusto","FERREIRA, Juliano Benedito",,,,,,,Fórum Nacional de Repositórios Digitais,2016
"SANCHEZ, Fernanda Alves","VIDOTTI, Silvana Aparecida Borsetti Gregorio","VECHIATO, Fernando Luiz",,,,,,,,,Fórum Nacional de Repositórios Digitais,2016
"BISSET, Edgar  ","VIDOTTI, Silvana Aparecida Borsetti Gregorio",,,,,,,,,,Congreso de Bibliotecas Universitarias (CIBU),2016
"BISSET, Edgar","VIDOTTI, Silvana Aparecida Borsetti Gregorio",,,,,,,,,,"Encontro Internacional Dados, Tecnologia e Informação",2016
"VECHIATO, Fernando Luiz","INAFUKO, Laura Akie Saito","VIDOTTI, Silvana Aparecida Borsetti Gregorio",,,,,,,,,Seminário Nacional de Bibliotecas Universitárias (SNBU) e Seminário Internacional de Bibliotecas Digitais,2010
"BASTOS, Flávia Maria","ODDONE, Nanci Elizabeth","VIDOTTI, Silvana Aparecida Borsetti Gregorio",,,,,,,,,Encontro Nacional de Pesquisa em Ciência da Informação,2010
"SANTAREM SEGUNDO, Jose Eduardo","VIDOTTI, Silvana Aparecida Borsetti Gregorio",,,,,,,,,,Encontro Nacional de Pesquisa em Ciência da Informação,2010
"VECHIATO, Fernando Luiz","VIDOTTI, Silvana Aparecida Borsetti Gregorio",,,,,,,,,,Encontro Nacional de Pesquisa em Ciência da Informação,2010
"OLIVEIRA, Walter Clayton de ","VIDOTTI, Silvana Aparecida Borsetti Gregorio",,,,,,,,,,"Encontro Internacional de Informação, Conhecimento e Ação",2010
"INAFUKO, Laura Akie Saito","VIDOTTI, Silvana Aparecida Borsetti Gregorio",,,,,,,,,,"Encontro Internacional de Informação, Conhecimento e Ação",2010
"SANTAREM SEGUNDO, Jose Eduardo","VIDOTTI, Silvana Aparecida Borsetti Gregorio",,,,,,,,,,"Encontro Internacional de Informação, Conhecimento e Ação",2010
"ARAYA, Elizabeth Roxana Mass ","VIDOTTI, Silvana Aparecida Borsetti Gregorio",,,,,,,,,,"Encontro Internacional de Informação, Conhecimento e Ação",2010
"VECHIATO, Fernando Luiz ","VIDOTTI, Silvana Aparecida Borsetti Gregorio",,,,,,,,,,"Encontro Internacional de Informação, Conhecimento e Ação",2010
"BEMBEM, Angela Halen Claro ","SANTOS, Plácida Leopoldina Ventura Amorim da Costa",,,,,,,,,,Simpósio Hipertexto e Tecnologias na Educação,2010
"FUSCO, Elvis  ","ROMANI, Lucas Salviano","SANTOS, Plácida Leopoldina Ventura Amorim da Costa",,,,,,,,,Congresso Internacional de Educação de Ponta Grossa,2010
"FUSCO, Elvis","DOURADO, Antonio Miguel Batista","SANTOS, Plácida Leopoldina Ventura Amorim da Costa",,,,,,,,,Congresso Internacional de Educação de Ponta Grossa,2010
"JORENTE, Maria José Vicentini","SANTOS, Plácida Leopoldina Ventura Amorim da Costa",,,,,,,,,,Encontro Nacional de Pesquisa em Ciência da Informação,2010
"MARTINS, Rúbia",,,,,,,,,,,"Congreso Ciencias, tecnologías y humanidades",2010
"PANSANI JUNIOR, Eder Antonio ","FERNEDA, Edberto",,,,,,,,,,Encontro Nacional de Pesquisa em Ciência da Informação,2016
"REIS, Marcia Cristina dos","FERNEDA, Edberto",,,,,,,,,,Seminário em Ciência da Informação (SECIN),2016
"BAPTISTA, Fabrício","FERNEDA, Edberto",,,,,,,,,,Encontro da Associação de Educação e Investigação em Ciência da Informação da IberoAmérica e Caribe (EDICIC),2016
"BAPTISTA, Fabrício","FERNEDA, Edberto",,,,,,,,,,Seminário em Ciência da Informação (SECIN),2016
"FERNEDA, Edberto","GALVÃO, Maria Cristiane Barbosa","ROCHA, Joeli Espirito Santo",,,,,,,,,Encontro Nacional de Pesquisa em Ciência da Informação,2010
"BUFREM, Leilah Santiago","OLIVEIRA, Ely Francina Tannuri de","ALVES, Bruno Henrique",,,,,,,,,ISKO - Information Society for Knowledge Organization,2016
"ALVES, Bruno Henrique","OLIVEIRA, Ely Francina Tannuri de",,,,,,,,,,Encontro Nacional de Pesquisa em Ciência da Informação,2016
"PAVANELLI, Maria Aparecida","OLIVEIRA, Ely Francina Tannuri de",,,,,,,,,,Encontro Nacional de Pesquisa em Ciência da Informação,2016
"PRADO, Marcos Aparecido Rodrigues do","OLIVEIRA, Ely Francina Tannuri de",,,,,,,,,,Encontro Nacional de Pesquisa em Ciência da Informação,2016
"GRÁCIO, Maria Cláudia Cabrini","OLIVEIRA, Ely Francina Tannuri de",,,,,,,,,,Encontro Nacional de Pesquisa em Ciência da Informação,2010
"WOIDA, Luana Maia","OLIVEIRA, Ely Francina Tannuri de","VALENTIM, Marta Lígia Pomim",,,,,,,,,Encontro Nacional de Pesquisa em Ciência da Informação,2010
"NORTE, Mariângela Braga",,,,,,,,,,,Congresso Internacional TIC e Educação (ticEDUCA),2010
"FERREIRA, Luan Henrique Giroto","CALDAS, Rosângela Formentini","OLIVEIRA, Taynara Almeida de",,,,,,,,,Encontro da Associação de Educação e Investigação em Ciência da Informação da IberoAmérica e Caribe (EDICIC),2016
"RASTELI, Alessandro","CALDAS, Rosângela Formentini",,,,,,,,,,Encontro da Associação de Educação e Investigação em Ciência da Informação da IberoAmérica e Caribe (EDICIC),2016
"FERREIRA, Luan Henrique Giroto","CALDAS, Rosângela Formentini",,,,,,,,,,Seminário em Ciência da Informação (SECIN),2016
"RASTELI, Alessandro","CALDAS, Rosângela Formentini","BOTELHO, Aline",,,,,,,,,"Encontro Internacional Dados, Tecnologia e Informação",2016
"FERREIRA, Luan Henrique Giroto","SILVA, Rafaela Carolina","CALDAS, Rosângela Formentini",,,,,,,,,"Encontro Internacional Dados, Tecnologia e Informação",2016
"CALDAS, Rosângela Formentini","SILVA, Eduardo Graziosi","MARTÍNEZ-ÁVILA, Daniel",,,,,,,,,"Encontro Internacional Dados, Tecnologia e Informação",2016
"CALDAS, Rosângela Formentini",,,,,,,,,,,Encontro Nacional de Pesquisa em Ciência da Informação,2010
"CALDAS, Rosângela Formentini",,,,,,,,,,,Congresso Internacional TIC e Educação (ticEDUCA),2010
"RASTELI, Alessandro","CALDAS, Rosângela Formentini",,,,,,,,,,Encontro Nacional de Pesquisa em Ciência da Informação,2016
"RASTELI, Alessandro","CALDAS, Rosângela Formentini",,,,,,,,,,Seminario Hispano-Brasileño de Investigación,2016
"RASTELI, Alessandro","CALDAS, Rosângela Formentini",,,,,,,,,,Seminário Cultura de Paz e Educação,2016
"OLSON, Hope A.","KIPP, Margaret E. I.","MARTÍNEZ-ÁVILA, Daniel",,,,,,,,,WLA Annual Conference,2016
"MOREIRA, Walter","MORAES, Isabela Santana de",,,,,,,,,,Encontro Brasileiro de Bibliometria e Cientometria,2016
"SANTOS, José Carlos Francisco","VITORINI, Érica Fernanda","MOREIRA, Walter",,,,,,,,,Seminário em Ciência da Informação (SECIN),2016
"LIMA, Larissa Mello","MOREIRA, Walter","MORAES, João Batista Ernesto de",,,,,,,,,Seminário em Ciência da Informação (SECIN),2016
"MORAES, Isabela Santana de","FERNEDA, Edberto",,,,,,,,,,Seminário em Ciência da Informação (SECIN),2016
"BAPTISTA, Fabrício","FERNEDA, Edberto","MOREIRA, Walter",,,,,,,,,Encontro da Associação de Educação e Investigação em Ciência da Informação da IberoAmérica e Caribe (EDICIC),2016
"MORAES, Isabela Santana de","MOREIRA, Walter",,,,,,,,,,Encontro da Associação de Educação e Investigação em Ciência da Informação da IberoAmérica e Caribe (EDICIC),2016
"REIS, Marcia Cristina dos","FERNEDA, Edberto","MOREIRA, Walter",,,,,,,,,Encontro da Associação de Educação e Investigação em Ciência da Informação da IberoAmérica e Caribe (EDICIC),2016
"TARTAROTTI, Roberta Cristina Dal'Evedove","FUJITA, Mariângela Spotti Lopes","MOREIRA, Walter",,,,,,,,,Encontro da Associação de Educação e Investigação em Ciência da Informação da IberoAmérica e Caribe (EDICIC),2016
"CALDAS, Rosângela Formentini","CRUZ, Renan Trindade da",,,,,,,,,,Seminário de Iniciação Científica da UFOP,2016
"VITORIANO, Marcia Cristina de Carvalho Pazin",,,,,,,,,,,Colóquio Internacional da Rede Mussi,2014
"VALENTIM, Marta Lígia Pomim","CASARIN, Helen de Castro Silva","ALMEIDA, Daniela Pereira dos Reis de",,,,,,,,,Encontro da Associação de Educação e Investigação em Ciência da Informação da IberoAmérica e Caribe (EDICIC),2011
"TOGNOLLI, Natália Bolfarini","GUIMARÃES, José Augusto Chaves",,,,,,,,,,ISKO - Information Society for Knowledge Organization,2012
"TOGNOLLI, Natália Bolfarini",,,,,,,,,,,ISKO - Information Society for Knowledge Organization,2013
"TOGNOLI, Natália Bolfarini","REGO, Laura Maria do","SILVA, Andrieli Pachu da","SILVA, Gabriela Santos da",,,,,,,,Congreso ISKO España y Portugal,2013
"TOGNOLI, Natália Bolfarini","MILANI, Suellen Oliveira","BARROS, Thiago Henrique Bragato",,,,,,,,,Congreso ISKO España y Portugal,2011
"TOGNOLI, Natália Bolfarini","BARROS, Thiago Henrique Bragato",,,,,,,,,,ISKO - Information Society for Knowledge Organization,2015
"TEIXEIRA, Thiciane Mary Carvalho","VALENTIM, Marta Lígia Pomim",,,,,,,,,,ISKO - Information Society for Knowledge Organization,2015
"TARTAROTTI, Roberta Cristina Dal'Evedove","DAL´EVEDOVE, Paula Regina","FUJITA, Mariângela Spotti Lopes",,,,,,,,,ISKO - Information Society for Knowledge Organization,2015
"SIMIONATO, Ana Carolina","SANTOS, Plácida Leopoldina Ventura Amorim da Costa",,,,,,,,,,ISKO - Information Society for Knowledge Organization,2013
"SILVA, Rafaela Carolina","CALDAS, Rosângela Formentini","SANTOS, Natany Souza dos",,,,,,,,,Encuentro Ibérico EDICIC,2015
"SILVA, Marli Vitor  ","CASARIN, Helen de Castro Silva",,,,,,,,,,ISKO - Information Society for Knowledge Organization,2015
"SILVA, Marcio Ferreira da","ALMEIDA, Carlos Cândido de",,,,,,,,,,Encuentro Ibérico EDICIC,2013
"SILVA, Lilian Presumido Cerqueira","GUIMARÃES, José Augusto Chaves","TOGNOLI, Natália Bolfarini",,,,,,,,,Encuentro Ibérico EDICIC,2015
"SILVA, Lilian Presumido Cerqueira","GUIMARÃES, José Augusto Chaves","TOGNOLI, Natália Bolfarini",,,,,,,,,Encuentro Ibérico EDICIC,2015
"SILVA, Deise Deolindo","GRÁCIO, Maria Cláudia Cabrini",,,,,,,,,,ISKO - Information Society for Knowledge Organization,2015
"SILVA, Deise Deolindo","GRÁCIO, Maria Cláudia Cabrini",,,,,,,,,,Encuentro Ibérico EDICIC,2015
"SILVA, Andrieli Pachu da","MOREIRA, Walter","GUIMARÃES, José Augusto Chaves","MORAES, João Batista Ernesto de",,,,,,,,ISKO - Information Society for Knowledge Organization,2015
"SEMIDÃO, Rafael Aparecido Moron","ALMEIDA, Carlos Cândido de","MOREIRA, Walter",,,,,,,,,ISKO - Information Society for Knowledge Organization,2013
"SANTOS, Cassia Dias","VALENTIM, Marta Lígia Pomim",,,,,,,,,,Encuentro Ibérico EDICIC,2015
"SAN SEGUNDO, Rosa","MARTÍNEZ-ÁVILA, Daniel",,,,,,,,,,ISKO - Information Society for Knowledge Organization,2012
"SAN SEGUNDO, Rosa","MARTÍNEZ-ÁVILA, Daniel",,,,,,,,,,ISKO - Information Society for Knowledge Organization,2012
"SAN SEGUNDO, Rosa","MARTÍNEZ-ÁVILA, Daniel",,,,,,,,,,ISKO - Information Society for Knowledge Organization,2014
"SABBAG, Deise Maria Antonio","MORAES, João Batista Ernesto de",,,,,,,,,,ISKO - Information Society for Knowledge Organization,2015
"RODRIGUEZ, Sonia Maria Troitiño","FONSECA, Gabrieli Aparecida da",,,,,,,,,,ISKO - Information Society for Knowledge Organization,2015
"REIS, Daniela Marjorie dos","FUJITA, Mariângela Spotti Lopes",,,,,,,,,,Encuentro Ibérico EDICIC,2011
"REGO, Laura Maria dodo","GUIMARÃES, José Augusto Chaves","TOGNOLI, Natália Bolfarini",,,,,,,,,ISKO - Information Society for Knowledge Organization,2015
"RAVAZI, Francisnaira Cristina","MOREIRA, Walter",,,,,,,,,,ISKO - Information Society for Knowledge Organization,2015
"POTTKER, Luciana Maria Vieira","FERNEDA, Edberto",,,,,,,,,,Encuentro Ibérico EDICIC,2015
"PANDO, Daniel Abraão","ALMEIDA, Carlos Cândido de",,,,,,,,,,ISKO - Information Society for Knowledge Organization,2015
"PADRON, Dunia Llanes","JORENTE, Maria José Vicentini","SILVA, Anahi Rocha","SILVA, Talita Cristina da",,,,,,,,Encuentro Ibérico EDICIC,2015
"NICOLINO, Maria Elisa Valentim Pickler","FERNEDA, Edberto","PANSANI JUNIOR, Eder Antônio",,,,,,,,,Encuentro Ibérico EDICIC,2015
"NAKANO, Natalia","PADUA, Mariana Cantisani","JORENTE, Maria José Vicentini",,,,,,,,,ISKO - Information Society for Knowledge Organization,2015
"NAKANO, Natalia","JORENTE, Maria José Vicentini",,,,,,,,,,Encuentro Ibérico EDICIC,2013
"MOREIRA, Walter","MORAES, Isabela Santana de",,,,,,,,,,ISKO - Information Society for Knowledge Organization,2015
"MOREIRA, Walter","DAVANZO, Luciana","MORAES, Isabela Santana de",,,,,,,,,Congreso ISKO España y Portugal,2015
"MORAES, João Batista Ernesto de",,,,,,,,,,,ISKO - Information Society for Knowledge Organization,2012
"MORAES, João Batista Ernesto de","MARTINS, Gracy Kelli",,,,,,,,,,Congreso ISKO España y Portugal,2013
"MORAES, João Batista Ernesto de","CÂNDIDO, Gilberto Gomes",,,,,,,,,,Congreso ISKO España y Portugal,2013
"MORAES, João Batista Ernesto de","BARROS, Thiago Henrique Bragato",,,,,,,,,,Encuentro Ibérico EDICIC,2013
"MILANI, Suellen Oliveira","GUIMARÃES, José Augusto Chaves","OLSON, Hope A.",,,,,,,,,ISKO - Information Society for Knowledge Organization,2014
"MATOS, Daniela Fernanda de Oliveira","GUIMARÃES, José Augusto Chaves","GRÁCIO, Maria Cláudia Cabrini",,,,,,,,,Congreso ISKO España y Portugal,2015
"OLIVEIRA, Henry Poncio Cruz de","VIDOTTI, Silvana Aparecida Borsetti Gregorio",,,,,,,,,,Congreso ISKO España y Portugal,2013
"MARTÍNEZ-ÁVILA, Daniel",,,,,,,,,,,ISKO - Information Society for Knowledge Organization,2012
"MARTÍNEZ-ÁVILA, Daniel",,,,,,,,,,,ISKO - Information Society for Knowledge Organization,2012
"MARTÍNEZ-ÁVILA, Daniel","KIPP, Margaret E. I.","OLSON, Hope A.",,,,,,,,,ISKO - Information Society for Knowledge Organization,2013
"MARTÍNEZ-ÁVILA, Daniel","GUIMARÃES, José Augusto Chaves",,,,,,,,,,Congreso ISKO España y Portugal,2015
"MARTÍNEZ-ÁVILA, Daniel","GUIMARÃES, José Augusto Chaves","SAN SEGUNDO, Rosa",,,,,,,,,Congreso ISKO España y Portugal,2013
"MARTÍNEZ-ÁVILA, Daniel","FOX, Melodie",,,,,,,,,,ISKO - Information Society for Knowledge Organization,2015
"MARTÍNEZ-ÁVILA, Daniel","FOX, Melodie","OLSON, Hope A.",,,,,,,,,ISKO - Information Society for Knowledge Organization,2012
"MARTÍNEZ-ÁVILA, Daniel","ATIJA, Mohinder Partap",,,,,,,,,,ISKO - Information Society for Knowledge Organization,2015
"MADIO, Telma Campanha de Carvalho","ANCONA LOPEZ, André Porto",,,,,,,,,,Congreso Internacional de Documentación Fotográfica,2014
"LIMA, Vânia Mara Alves","VITORIANO, Marcia Cristina de Carvalho Pazin","BARBANTI, Cristina Hisldorf",,,,,,,,,ISKO - Information Society for Knowledge Organization,2015
"LIMA, Lidyane Silva","CUSTÓDIO, Pollyana Agata Gomes da Rocha","OLIVEIRA, Ely Francina Tannuri de","BUFREM, Leilah Santiago",,,,,,,,Congreso ISKO España y Portugal,2015
"LIMA, Larissa de Mello","MARTÍNEZ-ÁVILA, Daniel","MORAES, João Batista Ernesto de",,,,,,,,,ISKO - Information Society for Knowledge Organization,2015
"LANZI, Lucirene Andréa Catini","VIDOTTI, Silvana Aparecida Borsetti Gregorio","FERNEDA, Edberto",,,,,,,,,Congreso ISKO España y Portugal,2015
"LANZI, Lucirene Andréa Catini","SANTOS, Camila Araújo dos","VIDOTTI, Silvana Aparecida Borsetti Gregorio",,,,,,,,,Conferência Internacional EUTIC,2015
"JORENTE, Maria José Vicentini",,,,,,,,,,,International Conference on Electronic Publishing ,2012
"GUIMARÃES, José Augusto Chaves",,,,,,,,,,,ISKO - Information Society for Knowledge Organization,2013
"GUIMARÃES, José Augusto Chaves",,,,,,,,,,,ISKO - Information Society for Knowledge Organization,2012
"GUIMARÃES, José Augusto Chaves","DALESSANDRO, Rafael Cacciolari","MARTÍNEZ-ÁVILA, Daniel",,,,,,,,,Congreso ISKO España y Portugal,2015
"GUIMARÃES, José Augusto Chaves","TENNIS, Joseph T..",,,,,,,,,,ISKO - Information Society for Knowledge Organization,2012
"GUIMARÃES, José Augusto Chaves","SALES, Rodrigo de",,,,,,,,,,Congreso ISKO España y Portugal,2013
"GUIMARÃES, José Augusto Chaves","SALES, Rodrigo de",,,,,,,,,,ISKO - Information Society for Knowledge Organization,2012
"GUIMARÃES, José Augusto Chaves","SALES, Rodrigo de","SANTOS, André Ynada dos","MATOS, Daniela Fernanda de Oliveira",,,,,,,,ISKO - Information Society for Knowledge Organization,2015
"GUIMARÃES, José Augusto Chaves","SALES, Rodrigo de","MARTÍNEZ-ÁVILA, Daniel","ALENCAR, Maíra Fernandes",,,,,,,,ISKO - Information Society for Knowledge Organization,2014
"GUIMARÃES, José Augusto Chaves","PINHO, Fabio Assis",,,,,,,,,,ISKO - Information Society for Knowledge Organization,2012
"GUIMARÃES, José Augusto Chaves","OLIVEIRA, Ely Francina Tannuri de","GRÁCIO, Maria Cláudia Cabrini",,,,,,,,,ISKO - Information Society for Knowledge Organization,2012
"GUIMARÃES, José Augusto Chaves","OLIVEIRA, Ely Francina Tannuri de","GRÁCIO, Maria Cláudia Cabrini",,,,,,,,,Congreso ISKO España y Portugal,2011
"GUIMARÃES, José Augusto Chaves","MATOS, Daniela Fernanda de Oliveira","LOPES, Jéssica de Araújo","FERNANDEZ-MOLINA, Juan Carlos",,,,,,,,Congreso ISKO España y Portugal,2013
"GUIMARÃES, José Augusto Chaves","LIBERATORE, Gustavo","CARVALHO, Heloísa","DALESSANDRO, Rafael Cacciolari",,,,,,,,Encuentro Ibérico EDICIC,2013
"GUIMARÃES, José Augusto Chaves","FERREIRA, Gustavo Meletti","FREITAS, Maria Fernanda Mendes e",,,,,,,,,Congreso ISKO España y Portugal,2011
"GUIMARÃES, José Augusto Chaves","EVANGELISTA, Isadora Victorino",,,,,,,,,,Encuentro Ibérico EDICIC,2015
"GUIMARÃES, José Augusto Chaves","EVANGELISTA, Isadora Victorino",,,,,,,,,,Congreso ISKO España y Portugal,2015
"GUIM, Vera Lúcia Ribeiro","FUJITA, Mariângela Spotti Lopes",,,,,,,,,,ISKO - Information Society for Knowledge Organization,2015
"GRÁCIO, Maria Cláudia Cabrini","OLIVEIRA, Ely Francina Tannuri de",,,,,,,,,,Encuentro Ibérico EDICIC,2015
"GRÁCIO, Maria Cláudia Cabrini  ","FERREIRA, Gustavo Meletti","GUIMARÃES, José Augusto Chaves",,,,,,,,,Encuentro Ibérico EDICIC,2011
"GONCALEZ, Paula Regina Ventura Amorim","JORENTE, Maria José Vicentini",,,,,,,,,,Congreso ISKO España y Portugal,2013
"GIL LEIVA, Isidoro","FUJITA, Mariângela Spotti Lopes","DÍAZ ORTUÑO, Pedro",,,,,,,,,Congreso ISKO España y Portugal,2013
"FUJITA, Mariângela Spotti Lopes",,,,,,,,,,,ISKO - Information Society for Knowledge Organization,2013
"FUJITA, Mariângela Spotti Lopes","RIBEIRO, Camila",,,,,,,,,,Encuentro Ibérico EDICIC,2013
"FUJITA, Mariângela Spotti","BOCCATO, Vera Regina Casari","RUBI, Milena Polsineli",,,,,,,,,Encuentro Ibérico EDICIC,2011
"FERREIRA, Ana Maria Jensen Ferreira da Costa","VECHIATO, Fernando Luiz","VIDOTTI, Silvana Aparecida Borsetti Gregorio",,,,,,,,,Encuentro Ibérico EDICIC,2013
"FERREIRA, Ana Maria Jensen Ferreira da Costa","LANZI, Lucirene Andréa Catini","MARSULO, Thabyta Giraldelli","VIDOTTI, Silvana Aparecida Borsetti Gregorio",,,,,,,,Conferência Internacional EUTIC,2015
"FERNEDA, Edberto","DIAS, Guilherme Ataíde",,,,,,,,,,Congreso ISKO España y Portugal,2015
"FARIAS, Mona Cleide Quirino da Silva","ALMEIDA, Carlos Cândido de",,,,,,,,,,Congreso ISKO España y Portugal,2015
"FARIAS, Mona Cleide Quirino da Silva","ALMEIDA, Carlos Cândido de",,,,,,,,,,Congreso ISKO España y Portugal,2013
"FARIAS, Mona Cleide Quirino da Silva","ALMEIDA, Carlos Cândido de","MARTÍNEZ-ÁVILA, Daniel",,,,,,,,,ISKO - Information Society for Knowledge Organization,2015
"EVANGELISTA, Isadora Victorino","MOREIRA, Walter","MORAES, João Batista Ernesto de",,,,,,,,,ISKO - Information Society for Knowledge Organization,2015
"DAVANZO, Luciana","MOREIRA, Walter",,,,,,,,,,Encuentro Ibérico EDICIC,2015
"DAVANZO, Luciana","MOREIRA, Walter",,,,,,,,,,ISKO - Information Society for Knowledge Organization,2015
"DAL´EVEDOVE, Paula Regina","TARTAROTTI, Roberta Cristina Dal'Evedove","FUJITA, Mariângela Spotti Lopes",,,,,,,,,ISKO - Information Society for Knowledge Organization,2015
"DAL´EVEDOVE, Paula Regina","ALMEIDA, Carlos Cândido de","FUJITA, Mariângela Spotti Lopes",,,,,,,,,Congreso ISKO España y Portugal,2013
"CUSTÓDIO, Pollyana Agata Gomes da Rocha","OLIVEIRA, Ely Francina Tannuri de","BUFREM, Leilah Santiago",,,,,,,,,Encuentro Ibérico EDICIC,2015
"CERIGATTO, Mariana Pícaro","CASARIN, Helen de Castro Silva",,,,,,,,,,Encuentro Ibérico EDICIC,2015
"CASTANHA, Renata Cristina Gutierres","HILÁRIO, Carla Mara","GRÁCIO, Maria Cláudia Cabrini",,,,,,,,,Encuentro Ibérico EDICIC,2013
"CASTANHA, Renata Cristina Gutierres","GRÁCIO, Maria Cláudia Cabrini",,,,,,,,,,Encuentro Ibérico EDICIC,2015
"CASTANHA, Renata Cristina Gutierres","GRÁCIO, Maria Cláudia Cabrini",,,,,,,,,,ISKO - Information Society for Knowledge Organization,2015
"CASTANHA, Renata Cristina Gutierres","GRÁCIO, Maria Cláudia Cabrini","MILANI, Suellen Oliveira",,,,,,,,,Congreso ISKO España y Portugal,2015
"CASARIN, Helen de Castro Silva",,,,,,,,,,,Encuentro Ibérico EDICIC,2013
"CARRASCO, Laís Barbudo","VIDOTTI, Silvana Aparecida Borsetti Gregorio","THALLER, Phil Manfred",,,,,,,,,ISKO - Information Society for Knowledge Organization,2015
"CÂNDIDO, Gilberto Gomes","MORAES, João Batista Ernesto de",,,,,,,,,,Congreso ISKO España y Portugal,2015
"CÂNDIDO, Gilberto Gomes","MORAES, João Batista Ernesto de","SABBAG, Deise Maria Antonio",,,,,,,,,ISKO - Information Society for Knowledge Organization,2015
"CALDAS, Rosângela Formentini",,,,,,,,,,,Encuentro Ibérico EDICIC,2013
"BOCCATO, Vera Regina Casari  ","FUJITA, Mariângela Spotti Lopes",,,,,,,,,,ISKO - Information Society for Knowledge Organization,2012
"BASTOS, Flávia Maria","VIDOTTI, Silvana Aparecida Borsetti Gregorio","ODDONE, Nanci Elizabeth",,,,,,,,,International Conference on Electronic Publishing ,2012
"BARROS, Thiago Henrique Bragato","MORAES, João Batista Ernesto de",,,,,,,,,,ISKO - Information Society for Knowledge Organization,2012
"ARROYO, Adolfo Alonso","OLIVEIRA, Ely Francina Tannuri de","GRÁCIO, Maria Cláudia Cabrini",,,,,,,,,Encuentro Ibérico EDICIC,2013
"ARBOIT, Aline Elis","GRÁCIO, Maria Cláudia Cabrini","OLIVEIRA, Ely Francina Tannuri de","BUFREM, Leilah Santiago",,,,,,,,ISKO - Information Society for Knowledge Organization,2012
"ARAYA, Elizabeth Roxana Mass","VIDOTTI, Silvana Aparecida Borsetti Gregorio",,,,,,,,,,International Conference on Electronic Publishing ,2012
"ARAÚJO, Paula Carina de","GUIMARÃES, José Augusto Chaves",,,,,,,,,,ISKO - Information Society for Knowledge Organization,2015
"ARAKAKI, Felipe Augusto","SANTOS, Plácida Leopoldina Ventura Amorim da Costa","ALVES, Rachel Cristina Vesu",,,,,,,,,ISKO - Information Society for Knowledge Organization,2015
"AMOR, Víctor","MARTÍNEZ-ÁVILA, Daniel","SAN SEGUNDO, Rosa",,,,,,,,,ISKO - Information Society for Knowledge Organization,2015
"ALVES, Roberta Caroline Vesu","MORAES, João Batista Ernesto de",,,,,,,,,,ISKO - Information Society for Knowledge Organization,2015
"ALVES, Roberta Caroline Vesu","MORAES, João Batista Ernesto de",,,,,,,,,,ISKO - Information Society for Knowledge Organization,2015
"ALVES, Bruno Henrique","PAVANELLI, Maria Aparecida","OLIVEIRA, Ely Francina Tannuri de","PRADO, Marcos Aparecido Rodrigues do",,,,,,,,Encuentro Ibérico EDICIC,2015
"ALVES, Bruno Henrique","OLIVEIRA, Ely Francina Tannuri de","GRÁCIO, Maria Cláudia Cabrini",,,,,,,,,ISKO - Information Society for Knowledge Organization,2015
"ALVES, Bruno Henrique","GRÁCIO, Maria Cláudia Cabrini","OLIVEIRA, Ely Francina Tannuri de",,,,,,,,,ISKO - Information Society for Knowledge Organization,2012
"ALVES, Ana Paula Meneses","CASARIN, Helen de Castro Silva","MOLINA, Juan Carlos Fernández",,,,,,,,,Encuentro Ibérico EDICIC,2015
"ALMEIDA, Carlos Cândido de",,,,,,,,,,,Congreso ISKO España y Portugal,2013
"ALMEIDA, Carlos Cândido de","GARCÍA-MARCO, Francisco Javier",,,,,,,,,,Congreso ISKO España y Portugal,2015
"AGUSTIN LACRUZ, María del Carmen","FUJITA, Mariângela Spotti Lopes","TERRA, Ana Lúcia Silva",,,,,,,,,Congreso ISKO España y Portugal,2013
"SILVA, Elaine da","VALENTIM, Marta Lígia Pomim","MANO GONZÁLEZ, Marta de La",,,,,,,,,International Conference on Technological Ecosystems for Enhancing Multiculturality,2016
